# ************************************************************
# Sequel Pro SQL dump
# Version 4541
#
# http://www.sequelpro.com/
# https://github.com/sequelpro/sequelpro
#
# Host: localhost (MySQL 5.7.37)
# Database: ReallyHotExample
# Generation Time: 2022-02-24 06:45:47 +0000
# ************************************************************


/*!40101 SET @OLD_CHARACTER_SET_CLIENT=@@CHARACTER_SET_CLIENT */;
/*!40101 SET @OLD_CHARACTER_SET_RESULTS=@@CHARACTER_SET_RESULTS */;
/*!40101 SET @OLD_COLLATION_CONNECTION=@@COLLATION_CONNECTION */;
/*!40101 SET NAMES utf8 */;
/*!40014 SET @OLD_FOREIGN_KEY_CHECKS=@@FOREIGN_KEY_CHECKS, FOREIGN_KEY_CHECKS=0 */;
/*!40101 SET @OLD_SQL_MODE=@@SQL_MODE, SQL_MODE='NO_AUTO_VALUE_ON_ZERO' */;
/*!40111 SET @OLD_SQL_NOTES=@@SQL_NOTES, SQL_NOTES=0 */;


# Dump of table ChangeSet
# ------------------------------------------------------------

DROP TABLE IF EXISTS `ChangeSet`;

CREATE TABLE `ChangeSet` (
  `ID` int(11) NOT NULL AUTO_INCREMENT,
  `ClassName` enum('SilverStripe\\Versioned\\ChangeSet') DEFAULT 'SilverStripe\\Versioned\\ChangeSet',
  `LastEdited` datetime DEFAULT NULL,
  `Created` datetime DEFAULT NULL,
  `Name` varchar(255) DEFAULT NULL,
  `State` enum('open','published','reverted') DEFAULT 'open',
  `IsInferred` tinyint(1) unsigned NOT NULL DEFAULT '0',
  `Description` mediumtext,
  `PublishDate` datetime DEFAULT NULL,
  `LastSynced` datetime DEFAULT NULL,
  `OwnerID` int(11) NOT NULL DEFAULT '0',
  `PublisherID` int(11) NOT NULL DEFAULT '0',
  PRIMARY KEY (`ID`),
  KEY `State` (`State`),
  KEY `ID` (`ID`),
  KEY `ClassName` (`ClassName`),
  KEY `OwnerID` (`OwnerID`),
  KEY `PublisherID` (`PublisherID`)
) ENGINE=InnoDB DEFAULT CHARSET=utf8;

LOCK TABLES `ChangeSet` WRITE;
/*!40000 ALTER TABLE `ChangeSet` DISABLE KEYS */;

INSERT INTO `ChangeSet` (`ID`, `ClassName`, `LastEdited`, `Created`, `Name`, `State`, `IsInferred`, `Description`, `PublishDate`, `LastSynced`, `OwnerID`, `PublisherID`)
VALUES
	(1,'SilverStripe\\Versioned\\ChangeSet','2022-02-23 07:27:16','2022-02-23 07:27:16','Generated by publish of \'Product Holder\' at Feb 23, 2022, 7:27 AM','published',1,NULL,'2022-02-23 07:27:16','2022-02-23 07:27:16',0,1),
	(2,'SilverStripe\\Versioned\\ChangeSet','2022-02-23 07:27:38','2022-02-23 07:27:38','Generated by publish of \'Product Holder\' at Feb 23, 2022, 7:27 AM','published',1,NULL,'2022-02-23 07:27:38','2022-02-23 07:27:38',0,1),
	(3,'SilverStripe\\Versioned\\ChangeSet','2022-02-23 07:30:03','2022-02-23 07:30:03','Generated by publish of \'New Product Page\' at Feb 23, 2022, 7:30 AM','published',1,NULL,'2022-02-23 07:30:03','2022-02-23 07:30:03',0,1),
	(4,'SilverStripe\\Versioned\\ChangeSet','2022-02-23 07:31:48','2022-02-23 07:31:48','Generated by publish of \'Product Page 1\' at Feb 23, 2022, 7:31 AM','published',1,NULL,'2022-02-23 07:31:48','2022-02-23 07:31:48',0,1),
	(5,'SilverStripe\\Versioned\\ChangeSet','2022-02-23 07:34:58','2022-02-23 07:34:58','Generated by publish of \'\' at Feb 23, 2022, 7:34 AM','published',1,NULL,'2022-02-23 07:34:58','2022-02-23 07:34:58',0,1),
	(6,'SilverStripe\\Versioned\\ChangeSet','2022-02-23 07:35:52','2022-02-23 07:35:52','Generated by publish of \'Product 1\' at Feb 23, 2022, 7:35 AM','published',1,NULL,'2022-02-23 07:35:52','2022-02-23 07:35:52',0,1),
	(7,'SilverStripe\\Versioned\\ChangeSet','2022-02-23 07:37:24','2022-02-23 07:37:24','Generated by publish of \'Product 1\' at Feb 23, 2022, 7:37 AM','published',1,NULL,'2022-02-23 07:37:24','2022-02-23 07:37:24',0,1),
	(8,'SilverStripe\\Versioned\\ChangeSet','2022-02-23 07:37:53','2022-02-23 07:37:53','Generated by publish of \'Product 1\' at Feb 23, 2022, 7:37 AM','published',1,NULL,'2022-02-23 07:37:53','2022-02-23 07:37:53',0,1),
	(9,'SilverStripe\\Versioned\\ChangeSet','2022-02-23 07:39:38','2022-02-23 07:39:38','Generated by publish of \'Product 2\' at Feb 23, 2022, 7:39 AM','published',1,NULL,'2022-02-23 07:39:38','2022-02-23 07:39:38',0,1),
	(10,'SilverStripe\\Versioned\\ChangeSet','2022-02-23 07:39:55','2022-02-23 07:39:55','Generated by publish of \'Product the Second\' at Feb 23, 2022, 7:39 AM','published',1,NULL,'2022-02-23 07:39:55','2022-02-23 07:39:55',0,1),
	(11,'SilverStripe\\Versioned\\ChangeSet','2022-02-23 07:40:01','2022-02-23 07:40:01','Generated by publish of \'Product the First\' at Feb 23, 2022, 7:40 AM','published',1,NULL,'2022-02-23 07:40:01','2022-02-23 07:40:01',0,1),
	(12,'SilverStripe\\Versioned\\ChangeSet','2022-02-23 07:56:10','2022-02-23 07:56:10','Generated by publish of \'Product the First\' at Feb 23, 2022, 7:56 AM','published',1,NULL,'2022-02-23 07:56:10','2022-02-23 07:56:10',0,1),
	(13,'SilverStripe\\Versioned\\ChangeSet','2022-02-23 07:57:44','2022-02-23 07:57:44','Generated by publish of \'Product the First\' at Feb 23, 2022, 7:57 AM','published',1,NULL,'2022-02-23 07:57:44','2022-02-23 07:57:44',0,1),
	(14,'SilverStripe\\Versioned\\ChangeSet','2022-02-23 07:57:47','2022-02-23 07:57:46','Generated by publish of \'Product the Second\' at Feb 23, 2022, 7:57 AM','published',1,NULL,'2022-02-23 07:57:47','2022-02-23 07:57:47',0,1),
	(15,'SilverStripe\\Versioned\\ChangeSet','2022-02-23 08:26:05','2022-02-23 08:26:05','Generated by publish of \'Category 1\' at Feb 23, 2022, 8:26 AM','published',1,NULL,'2022-02-23 08:26:05','2022-02-23 08:26:05',0,1),
	(16,'SilverStripe\\Versioned\\ChangeSet','2022-02-23 08:26:11','2022-02-23 08:26:11','Generated by publish of \'Category 1\' at Feb 23, 2022, 8:26 AM','published',1,NULL,'2022-02-23 08:26:11','2022-02-23 08:26:11',0,1),
	(17,'SilverStripe\\Versioned\\ChangeSet','2022-02-23 08:26:16','2022-02-23 08:26:16','Generated by publish of \'Category 1\' at Feb 23, 2022, 8:26 AM','published',1,NULL,'2022-02-23 08:26:16','2022-02-23 08:26:16',0,1),
	(18,'SilverStripe\\Versioned\\ChangeSet','2022-02-23 08:26:47','2022-02-23 08:26:47','Generated by publish of \'Category 2\' at Feb 23, 2022, 8:26 AM','published',1,NULL,'2022-02-23 08:26:47','2022-02-23 08:26:47',0,1),
	(19,'SilverStripe\\Versioned\\ChangeSet','2022-02-23 08:27:10','2022-02-23 08:27:10','Generated by publish of \'Category 2\' at Feb 23, 2022, 8:27 AM','published',1,NULL,'2022-02-23 08:27:10','2022-02-23 08:27:10',0,1),
	(20,'SilverStripe\\Versioned\\ChangeSet','2022-02-23 08:27:52','2022-02-23 08:27:52','Generated by publish of \'Title\' at Feb 23, 2022, 8:27 AM','published',1,NULL,'2022-02-23 08:27:52','2022-02-23 08:27:52',0,1),
	(21,'SilverStripe\\Versioned\\ChangeSet','2022-02-23 08:28:46','2022-02-23 08:28:46','Generated by publish of \'Category 1\' at Feb 23, 2022, 8:28 AM','published',1,NULL,'2022-02-23 08:28:46','2022-02-23 08:28:46',0,1),
	(22,'SilverStripe\\Versioned\\ChangeSet','2022-02-23 08:29:14','2022-02-23 08:29:14','Generated by publish of \'test\' at Feb 23, 2022, 8:29 AM','published',1,NULL,'2022-02-23 08:29:14','2022-02-23 08:29:14',0,1),
	(23,'SilverStripe\\Versioned\\ChangeSet','2022-02-23 08:30:00','2022-02-23 08:30:00','Generated by publish of \'Category 2\' at Feb 23, 2022, 8:30 AM','published',1,NULL,'2022-02-23 08:30:00','2022-02-23 08:30:00',0,1),
	(24,'SilverStripe\\Versioned\\ChangeSet','2022-02-23 08:32:12','2022-02-23 08:32:12','Generated by publish of \'Product the First\' at Feb 23, 2022, 8:32 AM','published',1,NULL,'2022-02-23 08:32:12','2022-02-23 08:32:12',0,1),
	(25,'SilverStripe\\Versioned\\ChangeSet','2022-02-23 08:32:27','2022-02-23 08:32:27','Generated by publish of \'Product the Second\' at Feb 23, 2022, 8:32 AM','published',1,NULL,'2022-02-23 08:32:27','2022-02-23 08:32:27',0,1),
	(26,'SilverStripe\\Versioned\\ChangeSet','2022-02-23 08:32:43','2022-02-23 08:32:43','Generated by publish of \'Product the Second\' at Feb 23, 2022, 8:32 AM','published',1,NULL,'2022-02-23 08:32:43','2022-02-23 08:32:43',0,1),
	(27,'SilverStripe\\Versioned\\ChangeSet','2022-02-23 08:33:27','2022-02-23 08:33:27','Generated by publish of \'test\' at Feb 23, 2022, 8:33 AM','published',1,NULL,'2022-02-23 08:33:27','2022-02-23 08:33:27',0,1),
	(28,'SilverStripe\\Versioned\\ChangeSet','2022-02-23 08:33:46','2022-02-23 08:33:46','Generated by publish of \'test\' at Feb 23, 2022, 8:33 AM','published',1,NULL,'2022-02-23 08:33:46','2022-02-23 08:33:46',0,1),
	(29,'SilverStripe\\Versioned\\ChangeSet','2022-02-23 08:34:24','2022-02-23 08:34:24','Generated by publish of \'Test\' at Feb 23, 2022, 8:34 AM','published',1,NULL,'2022-02-23 08:34:24','2022-02-23 08:34:24',0,1),
	(30,'SilverStripe\\Versioned\\ChangeSet','2022-02-23 08:35:50','2022-02-23 08:35:50','Generated by publish of \'test\' at Feb 23, 2022, 8:35 AM','published',1,NULL,'2022-02-23 08:35:50','2022-02-23 08:35:50',0,1),
	(31,'SilverStripe\\Versioned\\ChangeSet','2022-02-23 08:35:51','2022-02-23 08:35:51','Generated by publish of \'test\' at Feb 23, 2022, 8:35 AM','published',1,NULL,'2022-02-23 08:35:51','2022-02-23 08:35:51',0,1),
	(32,'SilverStripe\\Versioned\\ChangeSet','2022-02-23 08:35:58','2022-02-23 08:35:58','Generated by publish of \'Cat1\' at Feb 23, 2022, 8:35 AM','published',1,NULL,'2022-02-23 08:35:58','2022-02-23 08:35:58',0,1),
	(33,'SilverStripe\\Versioned\\ChangeSet','2022-02-23 08:36:03','2022-02-23 08:36:03','Generated by publish of \'Category 2\' at Feb 23, 2022, 8:36 AM','published',1,NULL,'2022-02-23 08:36:03','2022-02-23 08:36:03',0,1),
	(34,'SilverStripe\\Versioned\\ChangeSet','2022-02-23 08:36:10','2022-02-23 08:36:10','Generated by publish of \'Category 2\' at Feb 23, 2022, 8:36 AM','published',1,NULL,'2022-02-23 08:36:10','2022-02-23 08:36:10',0,1),
	(35,'SilverStripe\\Versioned\\ChangeSet','2022-02-23 08:36:15','2022-02-23 08:36:15','Generated by publish of \'Category 1\' at Feb 23, 2022, 8:36 AM','published',1,NULL,'2022-02-23 08:36:15','2022-02-23 08:36:15',0,1),
	(36,'SilverStripe\\Versioned\\ChangeSet','2022-02-23 08:37:10','2022-02-23 08:37:10','Generated by publish of \'Category 1\' at Feb 23, 2022, 8:37 AM','published',1,NULL,'2022-02-23 08:37:10','2022-02-23 08:37:10',0,1),
	(37,'SilverStripe\\Versioned\\ChangeSet','2022-02-24 05:42:18','2022-02-24 05:42:18','Generated by publish of \'Product the First\' at Feb 24, 2022, 5:42 AM','published',1,NULL,'2022-02-24 05:42:18','2022-02-24 05:42:18',0,1),
	(38,'SilverStripe\\Versioned\\ChangeSet','2022-02-24 05:42:56','2022-02-24 05:42:56','Generated by publish of \'Product the First\' at Feb 24, 2022, 5:42 AM','published',1,NULL,'2022-02-24 05:42:56','2022-02-24 05:42:56',0,1),
	(39,'SilverStripe\\Versioned\\ChangeSet','2022-02-24 05:42:59','2022-02-24 05:42:59','Generated by publish of \'Product the Second\' at Feb 24, 2022, 5:42 AM','published',1,NULL,'2022-02-24 05:42:59','2022-02-24 05:42:59',0,1),
	(40,'SilverStripe\\Versioned\\ChangeSet','2022-02-24 06:26:10','2022-02-24 06:26:10','Generated by publish of \'Home\' at Feb 24, 2022, 6:26 AM','published',1,NULL,'2022-02-24 06:26:10','2022-02-24 06:26:10',0,1),
	(41,'SilverStripe\\Versioned\\ChangeSet','2022-02-24 06:26:27','2022-02-24 06:26:27','Generated by publish of \'Home\' at Feb 24, 2022, 6:26 AM','published',1,NULL,'2022-02-24 06:26:27','2022-02-24 06:26:27',0,1),
	(42,'SilverStripe\\Versioned\\ChangeSet','2022-02-24 06:26:38','2022-02-24 06:26:38','Generated by publish of \'Product Holder\' at Feb 24, 2022, 6:26 AM','published',1,NULL,'2022-02-24 06:26:38','2022-02-24 06:26:38',0,1),
	(43,'SilverStripe\\Versioned\\ChangeSet','2022-02-24 06:38:23','2022-02-24 06:38:23','Generated by publish of \'Your Site Name\' at Feb 24, 2022, 6:38 AM','published',1,NULL,'2022-02-24 06:38:23','2022-02-24 06:38:23',0,1),
	(44,'SilverStripe\\Versioned\\ChangeSet','2022-02-24 06:38:30','2022-02-24 06:38:30','Generated by publish of \'The On Fire Test!\' at Feb 24, 2022, 6:38 AM','published',1,NULL,'2022-02-24 06:38:30','2022-02-24 06:38:30',0,1),
	(45,'SilverStripe\\Versioned\\ChangeSet','2022-02-24 06:38:40','2022-02-24 06:38:40','Generated by publish of \'The On Fire Test!\' at Feb 24, 2022, 6:38 AM','published',1,NULL,'2022-02-24 06:38:40','2022-02-24 06:38:40',0,1),
	(46,'SilverStripe\\Versioned\\ChangeSet','2022-02-24 06:41:51','2022-02-24 06:41:51','Generated by publish of \'Product the Third\' at Feb 24, 2022, 6:41 AM','published',1,NULL,'2022-02-24 06:41:51','2022-02-24 06:41:51',0,1),
	(47,'SilverStripe\\Versioned\\ChangeSet','2022-02-24 06:41:55','2022-02-24 06:41:55','Generated by publish of \'Product the Third\' at Feb 24, 2022, 6:41 AM','published',1,NULL,'2022-02-24 06:41:55','2022-02-24 06:41:55',0,1),
	(48,'SilverStripe\\Versioned\\ChangeSet','2022-02-24 06:42:19','2022-02-24 06:42:19','Generated by publish of \'Product the Third\' at Feb 24, 2022, 6:42 AM','published',1,NULL,'2022-02-24 06:42:19','2022-02-24 06:42:19',0,1),
	(49,'SilverStripe\\Versioned\\ChangeSet','2022-02-24 06:43:37','2022-02-24 06:43:37','Generated by publish of \'Product the Fourth\' at Feb 24, 2022, 6:43 AM','published',1,NULL,'2022-02-24 06:43:37','2022-02-24 06:43:37',0,1);

/*!40000 ALTER TABLE `ChangeSet` ENABLE KEYS */;
UNLOCK TABLES;


# Dump of table ChangeSetItem
# ------------------------------------------------------------

DROP TABLE IF EXISTS `ChangeSetItem`;

CREATE TABLE `ChangeSetItem` (
  `ID` int(11) NOT NULL AUTO_INCREMENT,
  `ClassName` enum('SilverStripe\\Versioned\\ChangeSetItem') DEFAULT 'SilverStripe\\Versioned\\ChangeSetItem',
  `LastEdited` datetime DEFAULT NULL,
  `Created` datetime DEFAULT NULL,
  `VersionBefore` int(11) NOT NULL DEFAULT '0',
  `VersionAfter` int(11) NOT NULL DEFAULT '0',
  `Added` enum('explicitly','implicitly') DEFAULT 'implicitly',
  `ChangeSetID` int(11) NOT NULL DEFAULT '0',
  `ObjectID` int(11) NOT NULL DEFAULT '0',
  `ObjectClass` enum('App\\Models\\ProductCategory','SilverStripe\\Assets\\File','SilverStripe\\SiteConfig\\SiteConfig','SilverStripe\\Versioned\\ChangeSet','SilverStripe\\Versioned\\ChangeSetItem','SilverStripe\\Assets\\Shortcodes\\FileLink','SilverStripe\\CMS\\Model\\SiteTree','SilverStripe\\CMS\\Model\\SiteTreeLink','SilverStripe\\Security\\Group','SilverStripe\\Security\\LoginAttempt','SilverStripe\\Security\\Member','SilverStripe\\Security\\MemberPassword','SilverStripe\\Security\\Permission','SilverStripe\\Security\\PermissionRole','SilverStripe\\Security\\PermissionRoleCode','SilverStripe\\Security\\RememberLoginHash','SilverStripe\\RedirectedURLs\\Model\\RedirectedURL','SilverStripe\\Assets\\Folder','SilverStripe\\Assets\\Image','Page','App\\Pages\\HomePage','App\\Pages\\ProductHolderPage','App\\Pages\\ProductPage','SilverStripe\\ErrorPage\\ErrorPage','SilverStripe\\CMS\\Model\\RedirectorPage','SilverStripe\\CMS\\Model\\VirtualPage','App\\Models\\Product') DEFAULT 'App\\Models\\ProductCategory',
  PRIMARY KEY (`ID`),
  UNIQUE KEY `ObjectUniquePerChangeSet` (`ObjectID`,`ObjectClass`,`ChangeSetID`),
  KEY `ClassName` (`ClassName`),
  KEY `ChangeSetID` (`ChangeSetID`),
  KEY `Object` (`ObjectID`,`ObjectClass`)
) ENGINE=InnoDB DEFAULT CHARSET=utf8;

LOCK TABLES `ChangeSetItem` WRITE;
/*!40000 ALTER TABLE `ChangeSetItem` DISABLE KEYS */;

INSERT INTO `ChangeSetItem` (`ID`, `ClassName`, `LastEdited`, `Created`, `VersionBefore`, `VersionAfter`, `Added`, `ChangeSetID`, `ObjectID`, `ObjectClass`)
VALUES
	(1,'SilverStripe\\Versioned\\ChangeSetItem','2022-02-23 07:27:16','2022-02-23 07:27:16',0,3,'explicitly',1,7,'SilverStripe\\CMS\\Model\\SiteTree'),
	(2,'SilverStripe\\Versioned\\ChangeSetItem','2022-02-23 07:27:38','2022-02-23 07:27:38',3,5,'explicitly',2,7,'SilverStripe\\CMS\\Model\\SiteTree'),
	(3,'SilverStripe\\Versioned\\ChangeSetItem','2022-02-23 07:30:03','2022-02-23 07:30:03',0,2,'explicitly',3,8,'SilverStripe\\CMS\\Model\\SiteTree'),
	(4,'SilverStripe\\Versioned\\ChangeSetItem','2022-02-23 07:31:48','2022-02-23 07:31:48',2,4,'explicitly',4,8,'SilverStripe\\CMS\\Model\\SiteTree'),
	(5,'SilverStripe\\Versioned\\ChangeSetItem','2022-02-23 07:34:58','2022-02-23 07:34:58',0,0,'explicitly',5,1,'App\\Models\\Product'),
	(6,'SilverStripe\\Versioned\\ChangeSetItem','2022-02-23 07:35:52','2022-02-23 07:35:52',0,0,'explicitly',6,1,'App\\Models\\Product'),
	(7,'SilverStripe\\Versioned\\ChangeSetItem','2022-02-23 07:37:24','2022-02-23 07:37:24',0,0,'explicitly',7,1,'App\\Models\\Product'),
	(8,'SilverStripe\\Versioned\\ChangeSetItem','2022-02-23 07:37:24','2022-02-23 07:37:24',0,2,'implicitly',7,2,'SilverStripe\\Assets\\File'),
	(9,'SilverStripe\\Versioned\\ChangeSetItem','2022-02-23 07:37:53','2022-02-23 07:37:53',0,0,'explicitly',8,1,'App\\Models\\Product'),
	(10,'SilverStripe\\Versioned\\ChangeSetItem','2022-02-23 07:37:53','2022-02-23 07:37:53',2,2,'implicitly',8,2,'SilverStripe\\Assets\\File'),
	(11,'SilverStripe\\Versioned\\ChangeSetItem','2022-02-23 07:39:38','2022-02-23 07:39:38',0,0,'explicitly',9,2,'App\\Models\\Product'),
	(12,'SilverStripe\\Versioned\\ChangeSetItem','2022-02-23 07:39:38','2022-02-23 07:39:38',2,2,'implicitly',9,2,'SilverStripe\\Assets\\File'),
	(13,'SilverStripe\\Versioned\\ChangeSetItem','2022-02-23 07:39:55','2022-02-23 07:39:55',0,3,'explicitly',10,9,'SilverStripe\\CMS\\Model\\SiteTree'),
	(14,'SilverStripe\\Versioned\\ChangeSetItem','2022-02-23 07:40:01','2022-02-23 07:40:01',4,6,'explicitly',11,8,'SilverStripe\\CMS\\Model\\SiteTree'),
	(15,'SilverStripe\\Versioned\\ChangeSetItem','2022-02-23 07:56:10','2022-02-23 07:56:10',6,8,'explicitly',12,8,'SilverStripe\\CMS\\Model\\SiteTree'),
	(16,'SilverStripe\\Versioned\\ChangeSetItem','2022-02-23 07:57:44','2022-02-23 07:57:44',8,10,'explicitly',13,8,'SilverStripe\\CMS\\Model\\SiteTree'),
	(17,'SilverStripe\\Versioned\\ChangeSetItem','2022-02-23 07:57:47','2022-02-23 07:57:46',3,5,'explicitly',14,9,'SilverStripe\\CMS\\Model\\SiteTree'),
	(18,'SilverStripe\\Versioned\\ChangeSetItem','2022-02-23 08:26:05','2022-02-23 08:26:05',0,0,'explicitly',15,1,'App\\Models\\ProductCategory'),
	(19,'SilverStripe\\Versioned\\ChangeSetItem','2022-02-23 08:26:11','2022-02-23 08:26:11',0,0,'explicitly',16,1,'App\\Models\\ProductCategory'),
	(20,'SilverStripe\\Versioned\\ChangeSetItem','2022-02-23 08:26:16','2022-02-23 08:26:16',0,0,'explicitly',17,1,'App\\Models\\ProductCategory'),
	(21,'SilverStripe\\Versioned\\ChangeSetItem','2022-02-23 08:26:47','2022-02-23 08:26:47',0,0,'explicitly',18,2,'App\\Models\\ProductCategory'),
	(22,'SilverStripe\\Versioned\\ChangeSetItem','2022-02-23 08:27:10','2022-02-23 08:27:10',0,0,'explicitly',19,3,'App\\Models\\ProductCategory'),
	(23,'SilverStripe\\Versioned\\ChangeSetItem','2022-02-23 08:27:52','2022-02-23 08:27:52',0,0,'explicitly',20,4,'App\\Models\\ProductCategory'),
	(24,'SilverStripe\\Versioned\\ChangeSetItem','2022-02-23 08:28:46','2022-02-23 08:28:46',0,0,'explicitly',21,5,'App\\Models\\ProductCategory'),
	(25,'SilverStripe\\Versioned\\ChangeSetItem','2022-02-23 08:29:14','2022-02-23 08:29:14',0,0,'explicitly',22,6,'App\\Models\\ProductCategory'),
	(26,'SilverStripe\\Versioned\\ChangeSetItem','2022-02-23 08:30:00','2022-02-23 08:30:00',0,0,'explicitly',23,7,'App\\Models\\ProductCategory'),
	(27,'SilverStripe\\Versioned\\ChangeSetItem','2022-02-23 08:32:12','2022-02-23 08:32:12',10,12,'explicitly',24,8,'SilverStripe\\CMS\\Model\\SiteTree'),
	(28,'SilverStripe\\Versioned\\ChangeSetItem','2022-02-23 08:32:12','2022-02-23 08:32:12',2,2,'implicitly',24,2,'SilverStripe\\Assets\\File'),
	(29,'SilverStripe\\Versioned\\ChangeSetItem','2022-02-23 08:32:27','2022-02-23 08:32:27',5,7,'explicitly',25,9,'SilverStripe\\CMS\\Model\\SiteTree'),
	(30,'SilverStripe\\Versioned\\ChangeSetItem','2022-02-23 08:32:43','2022-02-23 08:32:43',7,9,'explicitly',26,9,'SilverStripe\\CMS\\Model\\SiteTree'),
	(31,'SilverStripe\\Versioned\\ChangeSetItem','2022-02-23 08:32:43','2022-02-23 08:32:43',2,2,'implicitly',26,2,'SilverStripe\\Assets\\File'),
	(32,'SilverStripe\\Versioned\\ChangeSetItem','2022-02-23 08:33:27','2022-02-23 08:33:27',0,0,'explicitly',27,1,'App\\Models\\ProductCategory'),
	(33,'SilverStripe\\Versioned\\ChangeSetItem','2022-02-23 08:33:46','2022-02-23 08:33:46',0,0,'explicitly',28,1,'App\\Models\\ProductCategory'),
	(34,'SilverStripe\\Versioned\\ChangeSetItem','2022-02-23 08:34:24','2022-02-23 08:34:24',0,0,'explicitly',29,2,'App\\Models\\ProductCategory'),
	(35,'SilverStripe\\Versioned\\ChangeSetItem','2022-02-23 08:35:50','2022-02-23 08:35:50',0,0,'explicitly',30,1,'App\\Models\\ProductCategory'),
	(36,'SilverStripe\\Versioned\\ChangeSetItem','2022-02-23 08:35:51','2022-02-23 08:35:51',0,0,'explicitly',31,1,'App\\Models\\ProductCategory'),
	(37,'SilverStripe\\Versioned\\ChangeSetItem','2022-02-23 08:35:58','2022-02-23 08:35:58',0,0,'explicitly',32,2,'App\\Models\\ProductCategory'),
	(38,'SilverStripe\\Versioned\\ChangeSetItem','2022-02-23 08:36:03','2022-02-23 08:36:03',0,0,'explicitly',33,3,'App\\Models\\ProductCategory'),
	(39,'SilverStripe\\Versioned\\ChangeSetItem','2022-02-23 08:36:10','2022-02-23 08:36:10',0,0,'explicitly',34,2,'App\\Models\\ProductCategory'),
	(40,'SilverStripe\\Versioned\\ChangeSetItem','2022-02-23 08:36:15','2022-02-23 08:36:15',0,0,'explicitly',35,2,'App\\Models\\ProductCategory'),
	(41,'SilverStripe\\Versioned\\ChangeSetItem','2022-02-23 08:37:10','2022-02-23 08:37:10',0,0,'explicitly',36,2,'App\\Models\\ProductCategory'),
	(42,'SilverStripe\\Versioned\\ChangeSetItem','2022-02-24 05:42:18','2022-02-24 05:42:18',12,12,'explicitly',37,8,'SilverStripe\\CMS\\Model\\SiteTree'),
	(43,'SilverStripe\\Versioned\\ChangeSetItem','2022-02-24 05:42:18','2022-02-24 05:42:18',2,2,'implicitly',37,2,'SilverStripe\\Assets\\File'),
	(44,'SilverStripe\\Versioned\\ChangeSetItem','2022-02-24 05:42:56','2022-02-24 05:42:56',12,12,'explicitly',38,8,'SilverStripe\\CMS\\Model\\SiteTree'),
	(45,'SilverStripe\\Versioned\\ChangeSetItem','2022-02-24 05:42:56','2022-02-24 05:42:56',2,2,'implicitly',38,2,'SilverStripe\\Assets\\File'),
	(46,'SilverStripe\\Versioned\\ChangeSetItem','2022-02-24 05:42:56','2022-02-24 05:42:56',0,0,'implicitly',38,2,'App\\Models\\ProductCategory'),
	(47,'SilverStripe\\Versioned\\ChangeSetItem','2022-02-24 05:42:59','2022-02-24 05:42:59',9,9,'explicitly',39,9,'SilverStripe\\CMS\\Model\\SiteTree'),
	(48,'SilverStripe\\Versioned\\ChangeSetItem','2022-02-24 05:42:59','2022-02-24 05:42:59',2,2,'implicitly',39,2,'SilverStripe\\Assets\\File'),
	(49,'SilverStripe\\Versioned\\ChangeSetItem','2022-02-24 05:42:59','2022-02-24 05:42:59',0,0,'implicitly',39,3,'App\\Models\\ProductCategory'),
	(50,'SilverStripe\\Versioned\\ChangeSetItem','2022-02-24 06:26:10','2022-02-24 06:26:10',2,4,'explicitly',40,1,'SilverStripe\\CMS\\Model\\SiteTree'),
	(51,'SilverStripe\\Versioned\\ChangeSetItem','2022-02-24 06:26:27','2022-02-24 06:26:27',4,6,'explicitly',41,1,'SilverStripe\\CMS\\Model\\SiteTree'),
	(52,'SilverStripe\\Versioned\\ChangeSetItem','2022-02-24 06:26:38','2022-02-24 06:26:38',5,7,'explicitly',42,7,'SilverStripe\\CMS\\Model\\SiteTree'),
	(53,'SilverStripe\\Versioned\\ChangeSetItem','2022-02-24 06:38:23','2022-02-24 06:38:23',0,0,'explicitly',43,1,'SilverStripe\\SiteConfig\\SiteConfig'),
	(54,'SilverStripe\\Versioned\\ChangeSetItem','2022-02-24 06:38:30','2022-02-24 06:38:30',0,0,'explicitly',44,1,'SilverStripe\\SiteConfig\\SiteConfig'),
	(55,'SilverStripe\\Versioned\\ChangeSetItem','2022-02-24 06:38:40','2022-02-24 06:38:40',0,0,'explicitly',45,1,'SilverStripe\\SiteConfig\\SiteConfig'),
	(56,'SilverStripe\\Versioned\\ChangeSetItem','2022-02-24 06:41:51','2022-02-24 06:41:51',0,3,'explicitly',46,10,'SilverStripe\\CMS\\Model\\SiteTree'),
	(57,'SilverStripe\\Versioned\\ChangeSetItem','2022-02-24 06:41:55','2022-02-24 06:41:55',3,5,'explicitly',47,10,'SilverStripe\\CMS\\Model\\SiteTree'),
	(58,'SilverStripe\\Versioned\\ChangeSetItem','2022-02-24 06:42:19','2022-02-24 06:42:19',5,7,'explicitly',48,10,'SilverStripe\\CMS\\Model\\SiteTree'),
	(59,'SilverStripe\\Versioned\\ChangeSetItem','2022-02-24 06:42:19','2022-02-24 06:42:19',2,2,'implicitly',48,2,'SilverStripe\\Assets\\File'),
	(60,'SilverStripe\\Versioned\\ChangeSetItem','2022-02-24 06:42:19','2022-02-24 06:42:19',0,0,'implicitly',48,2,'App\\Models\\ProductCategory'),
	(61,'SilverStripe\\Versioned\\ChangeSetItem','2022-02-24 06:42:19','2022-02-24 06:42:19',0,0,'implicitly',48,3,'App\\Models\\ProductCategory'),
	(62,'SilverStripe\\Versioned\\ChangeSetItem','2022-02-24 06:43:37','2022-02-24 06:43:37',0,3,'explicitly',49,11,'SilverStripe\\CMS\\Model\\SiteTree'),
	(63,'SilverStripe\\Versioned\\ChangeSetItem','2022-02-24 06:43:37','2022-02-24 06:43:37',2,2,'implicitly',49,2,'SilverStripe\\Assets\\File'),
	(64,'SilverStripe\\Versioned\\ChangeSetItem','2022-02-24 06:43:37','2022-02-24 06:43:37',0,0,'implicitly',49,3,'App\\Models\\ProductCategory');

/*!40000 ALTER TABLE `ChangeSetItem` ENABLE KEYS */;
UNLOCK TABLES;


# Dump of table ChangeSetItem_ReferencedBy
# ------------------------------------------------------------

DROP TABLE IF EXISTS `ChangeSetItem_ReferencedBy`;

CREATE TABLE `ChangeSetItem_ReferencedBy` (
  `ID` int(11) NOT NULL AUTO_INCREMENT,
  `ChangeSetItemID` int(11) NOT NULL DEFAULT '0',
  `ChildID` int(11) NOT NULL DEFAULT '0',
  PRIMARY KEY (`ID`),
  KEY `ChangeSetItemID` (`ChangeSetItemID`),
  KEY `ChildID` (`ChildID`)
) ENGINE=InnoDB DEFAULT CHARSET=utf8;

LOCK TABLES `ChangeSetItem_ReferencedBy` WRITE;
/*!40000 ALTER TABLE `ChangeSetItem_ReferencedBy` DISABLE KEYS */;

INSERT INTO `ChangeSetItem_ReferencedBy` (`ID`, `ChangeSetItemID`, `ChildID`)
VALUES
	(1,8,7),
	(2,10,9),
	(3,12,11),
	(4,28,27),
	(5,31,30),
	(6,43,42),
	(7,45,44),
	(8,46,44),
	(9,48,47),
	(10,49,47),
	(11,59,58),
	(12,60,58),
	(13,61,58),
	(14,63,62),
	(15,64,62);

/*!40000 ALTER TABLE `ChangeSetItem_ReferencedBy` ENABLE KEYS */;
UNLOCK TABLES;


# Dump of table ErrorPage
# ------------------------------------------------------------

DROP TABLE IF EXISTS `ErrorPage`;

CREATE TABLE `ErrorPage` (
  `ID` int(11) NOT NULL AUTO_INCREMENT,
  `ErrorCode` int(11) NOT NULL DEFAULT '0',
  PRIMARY KEY (`ID`)
) ENGINE=InnoDB DEFAULT CHARSET=utf8;

LOCK TABLES `ErrorPage` WRITE;
/*!40000 ALTER TABLE `ErrorPage` DISABLE KEYS */;

INSERT INTO `ErrorPage` (`ID`, `ErrorCode`)
VALUES
	(4,404),
	(5,500);

/*!40000 ALTER TABLE `ErrorPage` ENABLE KEYS */;
UNLOCK TABLES;


# Dump of table ErrorPage_Live
# ------------------------------------------------------------

DROP TABLE IF EXISTS `ErrorPage_Live`;

CREATE TABLE `ErrorPage_Live` (
  `ID` int(11) NOT NULL AUTO_INCREMENT,
  `ErrorCode` int(11) NOT NULL DEFAULT '0',
  PRIMARY KEY (`ID`)
) ENGINE=InnoDB DEFAULT CHARSET=utf8;

LOCK TABLES `ErrorPage_Live` WRITE;
/*!40000 ALTER TABLE `ErrorPage_Live` DISABLE KEYS */;

INSERT INTO `ErrorPage_Live` (`ID`, `ErrorCode`)
VALUES
	(4,404),
	(5,500);

/*!40000 ALTER TABLE `ErrorPage_Live` ENABLE KEYS */;
UNLOCK TABLES;


# Dump of table ErrorPage_Versions
# ------------------------------------------------------------

DROP TABLE IF EXISTS `ErrorPage_Versions`;

CREATE TABLE `ErrorPage_Versions` (
  `ID` int(11) NOT NULL AUTO_INCREMENT,
  `RecordID` int(11) NOT NULL DEFAULT '0',
  `Version` int(11) NOT NULL DEFAULT '0',
  `ErrorCode` int(11) NOT NULL DEFAULT '0',
  PRIMARY KEY (`ID`),
  UNIQUE KEY `RecordID_Version` (`RecordID`,`Version`),
  KEY `RecordID` (`RecordID`),
  KEY `Version` (`Version`)
) ENGINE=InnoDB DEFAULT CHARSET=utf8;

LOCK TABLES `ErrorPage_Versions` WRITE;
/*!40000 ALTER TABLE `ErrorPage_Versions` DISABLE KEYS */;

INSERT INTO `ErrorPage_Versions` (`ID`, `RecordID`, `Version`, `ErrorCode`)
VALUES
	(1,4,1,404),
	(2,4,2,404),
	(3,5,1,500),
	(4,5,2,500);

/*!40000 ALTER TABLE `ErrorPage_Versions` ENABLE KEYS */;
UNLOCK TABLES;


# Dump of table File
# ------------------------------------------------------------

DROP TABLE IF EXISTS `File`;

CREATE TABLE `File` (
  `ID` int(11) NOT NULL AUTO_INCREMENT,
  `ClassName` enum('SilverStripe\\Assets\\File','SilverStripe\\Assets\\Folder','SilverStripe\\Assets\\Image') DEFAULT 'SilverStripe\\Assets\\File',
  `LastEdited` datetime DEFAULT NULL,
  `Created` datetime DEFAULT NULL,
  `Version` int(11) NOT NULL DEFAULT '0',
  `CanViewType` enum('Anyone','LoggedInUsers','OnlyTheseUsers','Inherit') DEFAULT 'Inherit',
  `CanEditType` enum('LoggedInUsers','OnlyTheseUsers','Inherit') DEFAULT 'Inherit',
  `Name` varchar(255) DEFAULT NULL,
  `Title` varchar(255) DEFAULT NULL,
  `ShowInSearch` tinyint(1) unsigned NOT NULL DEFAULT '1',
  `ParentID` int(11) NOT NULL DEFAULT '0',
  `OwnerID` int(11) NOT NULL DEFAULT '0',
  `FileHash` varchar(255) DEFAULT NULL,
  `FileFilename` varchar(255) DEFAULT NULL,
  `FileVariant` varchar(255) DEFAULT NULL,
  PRIMARY KEY (`ID`),
  KEY `Name` (`Name`),
  KEY `ClassName` (`ClassName`),
  KEY `ParentID` (`ParentID`),
  KEY `OwnerID` (`OwnerID`),
  KEY `FileHash` (`FileHash`)
) ENGINE=InnoDB DEFAULT CHARSET=utf8;

LOCK TABLES `File` WRITE;
/*!40000 ALTER TABLE `File` DISABLE KEYS */;

INSERT INTO `File` (`ID`, `ClassName`, `LastEdited`, `Created`, `Version`, `CanViewType`, `CanEditType`, `Name`, `Title`, `ShowInSearch`, `ParentID`, `OwnerID`, `FileHash`, `FileFilename`, `FileVariant`)
VALUES
	(1,'SilverStripe\\Assets\\Folder','2022-02-23 07:24:13','2022-02-23 07:24:13',2,'Inherit','Inherit','Uploads','Uploads',1,0,1,NULL,NULL,NULL),
	(2,'SilverStripe\\Assets\\Image','2022-02-23 07:37:24','2022-02-23 07:37:21',2,'Inherit','Inherit','Stellaris-The-Shroud-1.jpeg','Stellaris The Shroud 1',1,1,1,'23f59d2b7e7c981bcd7d4bd4c0a97282fc5d591f','Uploads/Stellaris-The-Shroud-1.jpeg',NULL);

/*!40000 ALTER TABLE `File` ENABLE KEYS */;
UNLOCK TABLES;


# Dump of table File_EditorGroups
# ------------------------------------------------------------

DROP TABLE IF EXISTS `File_EditorGroups`;

CREATE TABLE `File_EditorGroups` (
  `ID` int(11) NOT NULL AUTO_INCREMENT,
  `FileID` int(11) NOT NULL DEFAULT '0',
  `GroupID` int(11) NOT NULL DEFAULT '0',
  PRIMARY KEY (`ID`),
  KEY `FileID` (`FileID`),
  KEY `GroupID` (`GroupID`)
) ENGINE=InnoDB DEFAULT CHARSET=utf8;



# Dump of table File_Live
# ------------------------------------------------------------

DROP TABLE IF EXISTS `File_Live`;

CREATE TABLE `File_Live` (
  `ID` int(11) NOT NULL AUTO_INCREMENT,
  `ClassName` enum('SilverStripe\\Assets\\File','SilverStripe\\Assets\\Folder','SilverStripe\\Assets\\Image') DEFAULT 'SilverStripe\\Assets\\File',
  `LastEdited` datetime DEFAULT NULL,
  `Created` datetime DEFAULT NULL,
  `Version` int(11) NOT NULL DEFAULT '0',
  `CanViewType` enum('Anyone','LoggedInUsers','OnlyTheseUsers','Inherit') DEFAULT 'Inherit',
  `CanEditType` enum('LoggedInUsers','OnlyTheseUsers','Inherit') DEFAULT 'Inherit',
  `Name` varchar(255) DEFAULT NULL,
  `Title` varchar(255) DEFAULT NULL,
  `ShowInSearch` tinyint(1) unsigned NOT NULL DEFAULT '1',
  `ParentID` int(11) NOT NULL DEFAULT '0',
  `OwnerID` int(11) NOT NULL DEFAULT '0',
  `FileHash` varchar(255) DEFAULT NULL,
  `FileFilename` varchar(255) DEFAULT NULL,
  `FileVariant` varchar(255) DEFAULT NULL,
  PRIMARY KEY (`ID`),
  KEY `Name` (`Name`),
  KEY `ClassName` (`ClassName`),
  KEY `ParentID` (`ParentID`),
  KEY `OwnerID` (`OwnerID`),
  KEY `FileHash` (`FileHash`)
) ENGINE=InnoDB DEFAULT CHARSET=utf8;

LOCK TABLES `File_Live` WRITE;
/*!40000 ALTER TABLE `File_Live` DISABLE KEYS */;

INSERT INTO `File_Live` (`ID`, `ClassName`, `LastEdited`, `Created`, `Version`, `CanViewType`, `CanEditType`, `Name`, `Title`, `ShowInSearch`, `ParentID`, `OwnerID`, `FileHash`, `FileFilename`, `FileVariant`)
VALUES
	(1,'SilverStripe\\Assets\\Folder','2022-02-23 07:24:13','2022-02-23 07:24:13',2,'Inherit','Inherit','Uploads','Uploads',1,0,1,NULL,NULL,NULL),
	(2,'SilverStripe\\Assets\\Image','2022-02-23 07:37:24','2022-02-23 07:37:21',2,'Inherit','Inherit','Stellaris-The-Shroud-1.jpeg','Stellaris The Shroud 1',1,1,1,'23f59d2b7e7c981bcd7d4bd4c0a97282fc5d591f','Uploads/Stellaris-The-Shroud-1.jpeg',NULL);

/*!40000 ALTER TABLE `File_Live` ENABLE KEYS */;
UNLOCK TABLES;


# Dump of table File_Versions
# ------------------------------------------------------------

DROP TABLE IF EXISTS `File_Versions`;

CREATE TABLE `File_Versions` (
  `ID` int(11) NOT NULL AUTO_INCREMENT,
  `RecordID` int(11) NOT NULL DEFAULT '0',
  `Version` int(11) NOT NULL DEFAULT '0',
  `WasPublished` tinyint(1) unsigned NOT NULL DEFAULT '0',
  `WasDeleted` tinyint(1) unsigned NOT NULL DEFAULT '0',
  `WasDraft` tinyint(1) unsigned NOT NULL DEFAULT '1',
  `AuthorID` int(11) NOT NULL DEFAULT '0',
  `PublisherID` int(11) NOT NULL DEFAULT '0',
  `ClassName` enum('SilverStripe\\Assets\\File','SilverStripe\\Assets\\Folder','SilverStripe\\Assets\\Image') DEFAULT 'SilverStripe\\Assets\\File',
  `LastEdited` datetime DEFAULT NULL,
  `Created` datetime DEFAULT NULL,
  `CanViewType` enum('Anyone','LoggedInUsers','OnlyTheseUsers','Inherit') DEFAULT 'Inherit',
  `CanEditType` enum('LoggedInUsers','OnlyTheseUsers','Inherit') DEFAULT 'Inherit',
  `Name` varchar(255) DEFAULT NULL,
  `Title` varchar(255) DEFAULT NULL,
  `ShowInSearch` tinyint(1) unsigned NOT NULL DEFAULT '1',
  `ParentID` int(11) NOT NULL DEFAULT '0',
  `OwnerID` int(11) NOT NULL DEFAULT '0',
  `FileHash` varchar(255) DEFAULT NULL,
  `FileFilename` varchar(255) DEFAULT NULL,
  `FileVariant` varchar(255) DEFAULT NULL,
  PRIMARY KEY (`ID`),
  KEY `RecordID_Version` (`RecordID`,`Version`),
  KEY `RecordID` (`RecordID`),
  KEY `Version` (`Version`),
  KEY `AuthorID` (`AuthorID`),
  KEY `PublisherID` (`PublisherID`),
  KEY `Name` (`Name`),
  KEY `ClassName` (`ClassName`),
  KEY `ParentID` (`ParentID`),
  KEY `OwnerID` (`OwnerID`),
  KEY `FileHash` (`FileHash`)
) ENGINE=InnoDB DEFAULT CHARSET=utf8;

LOCK TABLES `File_Versions` WRITE;
/*!40000 ALTER TABLE `File_Versions` DISABLE KEYS */;

INSERT INTO `File_Versions` (`ID`, `RecordID`, `Version`, `WasPublished`, `WasDeleted`, `WasDraft`, `AuthorID`, `PublisherID`, `ClassName`, `LastEdited`, `Created`, `CanViewType`, `CanEditType`, `Name`, `Title`, `ShowInSearch`, `ParentID`, `OwnerID`, `FileHash`, `FileFilename`, `FileVariant`)
VALUES
	(1,1,1,0,0,1,1,0,'SilverStripe\\Assets\\Folder','2022-02-23 07:24:13','2022-02-23 07:24:13','Inherit','Inherit','Uploads','Uploads',1,0,1,NULL,NULL,NULL),
	(2,1,2,1,0,1,1,1,'SilverStripe\\Assets\\Folder','2022-02-23 07:24:13','2022-02-23 07:24:13','Inherit','Inherit','Uploads','Uploads',1,0,1,NULL,NULL,NULL),
	(3,2,1,0,0,1,1,0,'SilverStripe\\Assets\\Image','2022-02-23 07:37:21','2022-02-23 07:37:21','Inherit','Inherit','Stellaris-The-Shroud-1.jpeg','Stellaris The Shroud 1',1,1,1,'23f59d2b7e7c981bcd7d4bd4c0a97282fc5d591f','Uploads/Stellaris-The-Shroud-1.jpeg',NULL),
	(4,2,2,1,0,1,1,1,'SilverStripe\\Assets\\Image','2022-02-23 07:37:24','2022-02-23 07:37:21','Inherit','Inherit','Stellaris-The-Shroud-1.jpeg','Stellaris The Shroud 1',1,1,1,'23f59d2b7e7c981bcd7d4bd4c0a97282fc5d591f','Uploads/Stellaris-The-Shroud-1.jpeg',NULL);

/*!40000 ALTER TABLE `File_Versions` ENABLE KEYS */;
UNLOCK TABLES;


# Dump of table File_ViewerGroups
# ------------------------------------------------------------

DROP TABLE IF EXISTS `File_ViewerGroups`;

CREATE TABLE `File_ViewerGroups` (
  `ID` int(11) NOT NULL AUTO_INCREMENT,
  `FileID` int(11) NOT NULL DEFAULT '0',
  `GroupID` int(11) NOT NULL DEFAULT '0',
  PRIMARY KEY (`ID`),
  KEY `FileID` (`FileID`),
  KEY `GroupID` (`GroupID`)
) ENGINE=InnoDB DEFAULT CHARSET=utf8;



# Dump of table FileLink
# ------------------------------------------------------------

DROP TABLE IF EXISTS `FileLink`;

CREATE TABLE `FileLink` (
  `ID` int(11) NOT NULL AUTO_INCREMENT,
  `ClassName` enum('SilverStripe\\Assets\\Shortcodes\\FileLink') DEFAULT 'SilverStripe\\Assets\\Shortcodes\\FileLink',
  `LastEdited` datetime DEFAULT NULL,
  `Created` datetime DEFAULT NULL,
  `LinkedID` int(11) NOT NULL DEFAULT '0',
  `ParentID` int(11) NOT NULL DEFAULT '0',
  `ParentClass` enum('App\\Models\\ProductCategory','SilverStripe\\Assets\\File','SilverStripe\\SiteConfig\\SiteConfig','SilverStripe\\Versioned\\ChangeSet','SilverStripe\\Versioned\\ChangeSetItem','SilverStripe\\Assets\\Shortcodes\\FileLink','SilverStripe\\CMS\\Model\\SiteTree','SilverStripe\\CMS\\Model\\SiteTreeLink','SilverStripe\\Security\\Group','SilverStripe\\Security\\LoginAttempt','SilverStripe\\Security\\Member','SilverStripe\\Security\\MemberPassword','SilverStripe\\Security\\Permission','SilverStripe\\Security\\PermissionRole','SilverStripe\\Security\\PermissionRoleCode','SilverStripe\\Security\\RememberLoginHash','SilverStripe\\RedirectedURLs\\Model\\RedirectedURL','SilverStripe\\Assets\\Folder','SilverStripe\\Assets\\Image','Page','App\\Pages\\HomePage','App\\Pages\\ProductHolderPage','App\\Pages\\ProductPage','SilverStripe\\ErrorPage\\ErrorPage','SilverStripe\\CMS\\Model\\RedirectorPage','SilverStripe\\CMS\\Model\\VirtualPage') DEFAULT 'App\\Models\\ProductCategory',
  PRIMARY KEY (`ID`),
  KEY `ClassName` (`ClassName`),
  KEY `LinkedID` (`LinkedID`),
  KEY `Parent` (`ParentID`,`ParentClass`)
) ENGINE=InnoDB DEFAULT CHARSET=utf8;



# Dump of table Group
# ------------------------------------------------------------

DROP TABLE IF EXISTS `Group`;

CREATE TABLE `Group` (
  `ID` int(11) NOT NULL AUTO_INCREMENT,
  `ClassName` enum('SilverStripe\\Security\\Group') DEFAULT 'SilverStripe\\Security\\Group',
  `LastEdited` datetime DEFAULT NULL,
  `Created` datetime DEFAULT NULL,
  `Title` varchar(255) DEFAULT NULL,
  `Description` mediumtext,
  `Code` varchar(255) DEFAULT NULL,
  `Locked` tinyint(1) unsigned NOT NULL DEFAULT '0',
  `Sort` int(11) NOT NULL DEFAULT '0',
  `HtmlEditorConfig` mediumtext,
  `ParentID` int(11) NOT NULL DEFAULT '0',
  PRIMARY KEY (`ID`),
  KEY `ClassName` (`ClassName`),
  KEY `ParentID` (`ParentID`)
) ENGINE=InnoDB DEFAULT CHARSET=utf8;

LOCK TABLES `Group` WRITE;
/*!40000 ALTER TABLE `Group` DISABLE KEYS */;

INSERT INTO `Group` (`ID`, `ClassName`, `LastEdited`, `Created`, `Title`, `Description`, `Code`, `Locked`, `Sort`, `HtmlEditorConfig`, `ParentID`)
VALUES
	(1,'SilverStripe\\Security\\Group','2022-02-23 07:23:32','2022-02-23 07:23:32','Content Authors',NULL,'content-authors',0,1,NULL,0),
	(2,'SilverStripe\\Security\\Group','2022-02-23 07:23:32','2022-02-23 07:23:32','Administrators',NULL,'administrators',0,0,NULL,0);

/*!40000 ALTER TABLE `Group` ENABLE KEYS */;
UNLOCK TABLES;


# Dump of table Group_Members
# ------------------------------------------------------------

DROP TABLE IF EXISTS `Group_Members`;

CREATE TABLE `Group_Members` (
  `ID` int(11) NOT NULL AUTO_INCREMENT,
  `GroupID` int(11) NOT NULL DEFAULT '0',
  `MemberID` int(11) NOT NULL DEFAULT '0',
  PRIMARY KEY (`ID`),
  KEY `GroupID` (`GroupID`),
  KEY `MemberID` (`MemberID`)
) ENGINE=InnoDB DEFAULT CHARSET=utf8;

LOCK TABLES `Group_Members` WRITE;
/*!40000 ALTER TABLE `Group_Members` DISABLE KEYS */;

INSERT INTO `Group_Members` (`ID`, `GroupID`, `MemberID`)
VALUES
	(1,2,1);

/*!40000 ALTER TABLE `Group_Members` ENABLE KEYS */;
UNLOCK TABLES;


# Dump of table Group_Roles
# ------------------------------------------------------------

DROP TABLE IF EXISTS `Group_Roles`;

CREATE TABLE `Group_Roles` (
  `ID` int(11) NOT NULL AUTO_INCREMENT,
  `GroupID` int(11) NOT NULL DEFAULT '0',
  `PermissionRoleID` int(11) NOT NULL DEFAULT '0',
  PRIMARY KEY (`ID`),
  KEY `GroupID` (`GroupID`),
  KEY `PermissionRoleID` (`PermissionRoleID`)
) ENGINE=InnoDB DEFAULT CHARSET=utf8;



# Dump of table Image
# ------------------------------------------------------------

DROP TABLE IF EXISTS `Image`;

CREATE TABLE `Image` (
  `ID` int(11) NOT NULL AUTO_INCREMENT,
  `FocusPointX` double DEFAULT NULL,
  `FocusPointY` double DEFAULT NULL,
  PRIMARY KEY (`ID`)
) ENGINE=InnoDB DEFAULT CHARSET=utf8;

LOCK TABLES `Image` WRITE;
/*!40000 ALTER TABLE `Image` DISABLE KEYS */;

INSERT INTO `Image` (`ID`, `FocusPointX`, `FocusPointY`)
VALUES
	(2,0,0);

/*!40000 ALTER TABLE `Image` ENABLE KEYS */;
UNLOCK TABLES;


# Dump of table Image_Live
# ------------------------------------------------------------

DROP TABLE IF EXISTS `Image_Live`;

CREATE TABLE `Image_Live` (
  `ID` int(11) NOT NULL AUTO_INCREMENT,
  `FocusPointX` double DEFAULT NULL,
  `FocusPointY` double DEFAULT NULL,
  PRIMARY KEY (`ID`)
) ENGINE=InnoDB DEFAULT CHARSET=utf8;

LOCK TABLES `Image_Live` WRITE;
/*!40000 ALTER TABLE `Image_Live` DISABLE KEYS */;

INSERT INTO `Image_Live` (`ID`, `FocusPointX`, `FocusPointY`)
VALUES
	(2,0,0);

/*!40000 ALTER TABLE `Image_Live` ENABLE KEYS */;
UNLOCK TABLES;


# Dump of table Image_Versions
# ------------------------------------------------------------

DROP TABLE IF EXISTS `Image_Versions`;

CREATE TABLE `Image_Versions` (
  `ID` int(11) NOT NULL AUTO_INCREMENT,
  `RecordID` int(11) NOT NULL DEFAULT '0',
  `Version` int(11) NOT NULL DEFAULT '0',
  `FocusPointX` double DEFAULT NULL,
  `FocusPointY` double DEFAULT NULL,
  PRIMARY KEY (`ID`),
  UNIQUE KEY `RecordID_Version` (`RecordID`,`Version`),
  KEY `RecordID` (`RecordID`),
  KEY `Version` (`Version`)
) ENGINE=InnoDB DEFAULT CHARSET=utf8;

LOCK TABLES `Image_Versions` WRITE;
/*!40000 ALTER TABLE `Image_Versions` DISABLE KEYS */;

INSERT INTO `Image_Versions` (`ID`, `RecordID`, `Version`, `FocusPointX`, `FocusPointY`)
VALUES
	(1,2,1,NULL,NULL),
	(2,2,2,0,0);

/*!40000 ALTER TABLE `Image_Versions` ENABLE KEYS */;
UNLOCK TABLES;


# Dump of table LoginAttempt
# ------------------------------------------------------------

DROP TABLE IF EXISTS `LoginAttempt`;

CREATE TABLE `LoginAttempt` (
  `ID` int(11) NOT NULL AUTO_INCREMENT,
  `ClassName` enum('SilverStripe\\Security\\LoginAttempt') DEFAULT 'SilverStripe\\Security\\LoginAttempt',
  `LastEdited` datetime DEFAULT NULL,
  `Created` datetime DEFAULT NULL,
  `Email` varchar(255) DEFAULT NULL,
  `EmailHashed` varchar(255) DEFAULT NULL,
  `Status` enum('Success','Failure') DEFAULT 'Success',
  `IP` varchar(255) DEFAULT NULL,
  `MemberID` int(11) NOT NULL DEFAULT '0',
  PRIMARY KEY (`ID`),
  KEY `ClassName` (`ClassName`),
  KEY `MemberID` (`MemberID`),
  KEY `EmailHashed` (`EmailHashed`)
) ENGINE=InnoDB DEFAULT CHARSET=utf8;

LOCK TABLES `LoginAttempt` WRITE;
/*!40000 ALTER TABLE `LoginAttempt` DISABLE KEYS */;

INSERT INTO `LoginAttempt` (`ID`, `ClassName`, `LastEdited`, `Created`, `Email`, `EmailHashed`, `Status`, `IP`, `MemberID`)
VALUES
	(1,'SilverStripe\\Security\\LoginAttempt','2022-02-23 07:24:11','2022-02-23 07:24:11',NULL,'d033e22ae348aeb5660fc2140aec35850c4da997','Success','127.0.0.1',1),
	(2,'SilverStripe\\Security\\LoginAttempt','2022-02-24 05:59:17','2022-02-24 05:59:17',NULL,'d033e22ae348aeb5660fc2140aec35850c4da997','Success','127.0.0.1',1),
	(3,'SilverStripe\\Security\\LoginAttempt','2022-02-24 06:01:04','2022-02-24 06:01:04',NULL,'d033e22ae348aeb5660fc2140aec35850c4da997','Success','127.0.0.1',1),
	(4,'SilverStripe\\Security\\LoginAttempt','2022-02-24 06:24:18','2022-02-24 06:24:18',NULL,'d033e22ae348aeb5660fc2140aec35850c4da997','Success','127.0.0.1',1),
	(5,'SilverStripe\\Security\\LoginAttempt','2022-02-24 06:38:14','2022-02-24 06:38:14',NULL,'d033e22ae348aeb5660fc2140aec35850c4da997','Success','127.0.0.1',1),
	(6,'SilverStripe\\Security\\LoginAttempt','2022-02-24 06:40:57','2022-02-24 06:40:57',NULL,'d033e22ae348aeb5660fc2140aec35850c4da997','Success','127.0.0.1',1),
	(7,'SilverStripe\\Security\\LoginAttempt','2022-02-24 06:42:13','2022-02-24 06:42:13',NULL,'d033e22ae348aeb5660fc2140aec35850c4da997','Success','127.0.0.1',1),
	(8,'SilverStripe\\Security\\LoginAttempt','2022-02-24 06:43:01','2022-02-24 06:43:01',NULL,'da39a3ee5e6b4b0d3255bfef95601890afd80709','Success','127.0.0.1',1);

/*!40000 ALTER TABLE `LoginAttempt` ENABLE KEYS */;
UNLOCK TABLES;


# Dump of table Member
# ------------------------------------------------------------

DROP TABLE IF EXISTS `Member`;

CREATE TABLE `Member` (
  `ID` int(11) NOT NULL AUTO_INCREMENT,
  `ClassName` enum('SilverStripe\\Security\\Member') DEFAULT 'SilverStripe\\Security\\Member',
  `LastEdited` datetime DEFAULT NULL,
  `Created` datetime DEFAULT NULL,
  `FirstName` varchar(255) DEFAULT NULL,
  `Surname` varchar(255) DEFAULT NULL,
  `Email` varchar(254) DEFAULT NULL,
  `TempIDHash` varchar(160) DEFAULT NULL,
  `TempIDExpired` datetime DEFAULT NULL,
  `Password` varchar(160) DEFAULT NULL,
  `AutoLoginHash` varchar(160) DEFAULT NULL,
  `AutoLoginExpired` datetime DEFAULT NULL,
  `PasswordEncryption` varchar(50) DEFAULT NULL,
  `Salt` varchar(50) DEFAULT NULL,
  `PasswordExpiry` date DEFAULT NULL,
  `LockedOutUntil` datetime DEFAULT NULL,
  `Locale` varchar(6) DEFAULT NULL,
  `FailedLoginCount` int(11) NOT NULL DEFAULT '0',
  PRIMARY KEY (`ID`),
  KEY `Surname` (`Surname`),
  KEY `FirstName` (`FirstName`),
  KEY `ClassName` (`ClassName`),
  KEY `Email` (`Email`)
) ENGINE=InnoDB DEFAULT CHARSET=utf8;

LOCK TABLES `Member` WRITE;
/*!40000 ALTER TABLE `Member` DISABLE KEYS */;

INSERT INTO `Member` (`ID`, `ClassName`, `LastEdited`, `Created`, `FirstName`, `Surname`, `Email`, `TempIDHash`, `TempIDExpired`, `Password`, `AutoLoginHash`, `AutoLoginExpired`, `PasswordEncryption`, `Salt`, `PasswordExpiry`, `LockedOutUntil`, `Locale`, `FailedLoginCount`)
VALUES
	(1,'SilverStripe\\Security\\Member','2022-02-24 06:43:01','2022-02-23 07:23:32','Default Admin',NULL,'admin','17b51232e9e9329a0341c93b3157c0ad3fa80242','2022-02-27 06:43:01',NULL,NULL,NULL,'none',NULL,NULL,NULL,'en_US',0);

/*!40000 ALTER TABLE `Member` ENABLE KEYS */;
UNLOCK TABLES;


# Dump of table MemberPassword
# ------------------------------------------------------------

DROP TABLE IF EXISTS `MemberPassword`;

CREATE TABLE `MemberPassword` (
  `ID` int(11) NOT NULL AUTO_INCREMENT,
  `ClassName` enum('SilverStripe\\Security\\MemberPassword') DEFAULT 'SilverStripe\\Security\\MemberPassword',
  `LastEdited` datetime DEFAULT NULL,
  `Created` datetime DEFAULT NULL,
  `Password` varchar(160) DEFAULT NULL,
  `Salt` varchar(50) DEFAULT NULL,
  `PasswordEncryption` varchar(50) DEFAULT NULL,
  `MemberID` int(11) NOT NULL DEFAULT '0',
  PRIMARY KEY (`ID`),
  KEY `ClassName` (`ClassName`),
  KEY `MemberID` (`MemberID`)
) ENGINE=InnoDB DEFAULT CHARSET=utf8;

LOCK TABLES `MemberPassword` WRITE;
/*!40000 ALTER TABLE `MemberPassword` DISABLE KEYS */;

INSERT INTO `MemberPassword` (`ID`, `ClassName`, `LastEdited`, `Created`, `Password`, `Salt`, `PasswordEncryption`, `MemberID`)
VALUES
	(1,'SilverStripe\\Security\\MemberPassword','2022-02-23 07:23:32','2022-02-23 07:23:32',NULL,NULL,'none',1);

/*!40000 ALTER TABLE `MemberPassword` ENABLE KEYS */;
UNLOCK TABLES;


# Dump of table Page
# ------------------------------------------------------------

DROP TABLE IF EXISTS `Page`;

CREATE TABLE `Page` (
  `ID` int(11) NOT NULL AUTO_INCREMENT,
  `OpenGraphTitle` mediumtext,
  `OpenGraphType` mediumtext,
  `OpenGraphDescription` mediumtext,
  `SeoTitle` mediumtext,
  `OpenGraphImageID` int(11) NOT NULL DEFAULT '0',
  PRIMARY KEY (`ID`),
  KEY `OpenGraphImageID` (`OpenGraphImageID`)
) ENGINE=InnoDB DEFAULT CHARSET=utf8;

LOCK TABLES `Page` WRITE;
/*!40000 ALTER TABLE `Page` DISABLE KEYS */;

INSERT INTO `Page` (`ID`, `OpenGraphTitle`, `OpenGraphType`, `OpenGraphDescription`, `SeoTitle`, `OpenGraphImageID`)
VALUES
	(1,NULL,'website',NULL,NULL,0),
	(4,NULL,'website',NULL,NULL,0),
	(5,NULL,'website',NULL,NULL,0),
	(7,NULL,'website',NULL,NULL,0),
	(8,NULL,'website',NULL,NULL,0),
	(9,NULL,'website',NULL,NULL,0),
	(10,NULL,'website',NULL,NULL,0),
	(11,NULL,'website',NULL,NULL,0);

/*!40000 ALTER TABLE `Page` ENABLE KEYS */;
UNLOCK TABLES;


# Dump of table Page_Live
# ------------------------------------------------------------

DROP TABLE IF EXISTS `Page_Live`;

CREATE TABLE `Page_Live` (
  `ID` int(11) NOT NULL AUTO_INCREMENT,
  `OpenGraphTitle` mediumtext,
  `OpenGraphType` mediumtext,
  `OpenGraphDescription` mediumtext,
  `SeoTitle` mediumtext,
  `OpenGraphImageID` int(11) NOT NULL DEFAULT '0',
  PRIMARY KEY (`ID`),
  KEY `OpenGraphImageID` (`OpenGraphImageID`)
) ENGINE=InnoDB DEFAULT CHARSET=utf8;

LOCK TABLES `Page_Live` WRITE;
/*!40000 ALTER TABLE `Page_Live` DISABLE KEYS */;

INSERT INTO `Page_Live` (`ID`, `OpenGraphTitle`, `OpenGraphType`, `OpenGraphDescription`, `SeoTitle`, `OpenGraphImageID`)
VALUES
	(1,NULL,'website',NULL,NULL,0),
	(4,NULL,'website',NULL,NULL,0),
	(5,NULL,'website',NULL,NULL,0),
	(7,NULL,'website',NULL,NULL,0),
	(8,NULL,'website',NULL,NULL,0),
	(9,NULL,'website',NULL,NULL,0),
	(10,NULL,'website',NULL,NULL,0),
	(11,NULL,'website',NULL,NULL,0);

/*!40000 ALTER TABLE `Page_Live` ENABLE KEYS */;
UNLOCK TABLES;


# Dump of table Page_Versions
# ------------------------------------------------------------

DROP TABLE IF EXISTS `Page_Versions`;

CREATE TABLE `Page_Versions` (
  `ID` int(11) NOT NULL AUTO_INCREMENT,
  `RecordID` int(11) NOT NULL DEFAULT '0',
  `Version` int(11) NOT NULL DEFAULT '0',
  `OpenGraphTitle` mediumtext,
  `OpenGraphType` mediumtext,
  `OpenGraphDescription` mediumtext,
  `SeoTitle` mediumtext,
  `OpenGraphImageID` int(11) NOT NULL DEFAULT '0',
  PRIMARY KEY (`ID`),
  UNIQUE KEY `RecordID_Version` (`RecordID`,`Version`),
  KEY `RecordID` (`RecordID`),
  KEY `Version` (`Version`),
  KEY `OpenGraphImageID` (`OpenGraphImageID`)
) ENGINE=InnoDB DEFAULT CHARSET=utf8;

LOCK TABLES `Page_Versions` WRITE;
/*!40000 ALTER TABLE `Page_Versions` DISABLE KEYS */;

INSERT INTO `Page_Versions` (`ID`, `RecordID`, `Version`, `OpenGraphTitle`, `OpenGraphType`, `OpenGraphDescription`, `SeoTitle`, `OpenGraphImageID`)
VALUES
	(1,1,1,NULL,'website',NULL,NULL,0),
	(2,1,2,NULL,'website',NULL,NULL,0),
	(3,2,1,NULL,'website',NULL,NULL,0),
	(4,2,2,NULL,'website',NULL,NULL,0),
	(5,3,1,NULL,'website',NULL,NULL,0),
	(6,3,2,NULL,'website',NULL,NULL,0),
	(7,4,1,NULL,'website',NULL,NULL,0),
	(8,4,2,NULL,'website',NULL,NULL,0),
	(9,5,1,NULL,'website',NULL,NULL,0),
	(10,5,2,NULL,'website',NULL,NULL,0),
	(11,6,1,NULL,'website',NULL,NULL,0),
	(12,7,1,NULL,'website',NULL,NULL,0),
	(13,7,2,NULL,'website',NULL,NULL,0),
	(14,7,3,NULL,'website',NULL,NULL,0),
	(15,7,4,NULL,'website',NULL,NULL,0),
	(16,7,5,NULL,'website',NULL,NULL,0),
	(17,8,1,NULL,'website',NULL,NULL,0),
	(18,8,2,NULL,'website',NULL,NULL,0),
	(19,8,3,NULL,'website',NULL,NULL,0),
	(20,8,4,NULL,'website',NULL,NULL,0),
	(21,9,1,NULL,'website',NULL,NULL,0),
	(22,9,2,NULL,'website',NULL,NULL,0),
	(23,9,3,NULL,'website',NULL,NULL,0),
	(24,8,5,NULL,'website',NULL,NULL,0),
	(25,8,6,NULL,'website',NULL,NULL,0),
	(26,8,7,NULL,'website',NULL,NULL,0),
	(27,8,8,NULL,'website',NULL,NULL,0),
	(28,8,9,NULL,'website',NULL,NULL,0),
	(29,8,10,NULL,'website',NULL,NULL,0),
	(30,9,4,NULL,'website',NULL,NULL,0),
	(31,9,5,NULL,'website',NULL,NULL,0),
	(32,8,11,NULL,'website',NULL,NULL,0),
	(33,8,12,NULL,'website',NULL,NULL,0),
	(34,9,6,NULL,'website',NULL,NULL,0),
	(35,9,7,NULL,'website',NULL,NULL,0),
	(36,9,8,NULL,'website',NULL,NULL,0),
	(37,9,9,NULL,'website',NULL,NULL,0),
	(38,1,3,NULL,'website',NULL,NULL,0),
	(39,1,4,NULL,'website',NULL,NULL,0),
	(40,1,5,NULL,'website',NULL,NULL,0),
	(41,1,6,NULL,'website',NULL,NULL,0),
	(42,7,6,NULL,'website',NULL,NULL,0),
	(43,7,7,NULL,'website',NULL,NULL,0),
	(44,10,1,NULL,'website',NULL,NULL,0),
	(45,10,2,NULL,'website',NULL,NULL,0),
	(46,10,3,NULL,'website',NULL,NULL,0),
	(47,10,4,NULL,'website',NULL,NULL,0),
	(48,10,5,NULL,'website',NULL,NULL,0),
	(49,10,6,NULL,'website',NULL,NULL,0),
	(50,10,7,NULL,'website',NULL,NULL,0),
	(51,11,1,NULL,'website',NULL,NULL,0),
	(52,11,2,NULL,'website',NULL,NULL,0),
	(53,11,3,NULL,'website',NULL,NULL,0);

/*!40000 ALTER TABLE `Page_Versions` ENABLE KEYS */;
UNLOCK TABLES;


# Dump of table Permission
# ------------------------------------------------------------

DROP TABLE IF EXISTS `Permission`;

CREATE TABLE `Permission` (
  `ID` int(11) NOT NULL AUTO_INCREMENT,
  `ClassName` enum('SilverStripe\\Security\\Permission') DEFAULT 'SilverStripe\\Security\\Permission',
  `LastEdited` datetime DEFAULT NULL,
  `Created` datetime DEFAULT NULL,
  `Code` varchar(255) DEFAULT NULL,
  `Arg` int(11) NOT NULL DEFAULT '0',
  `Type` int(11) NOT NULL DEFAULT '1',
  `GroupID` int(11) NOT NULL DEFAULT '0',
  PRIMARY KEY (`ID`),
  KEY `ClassName` (`ClassName`),
  KEY `GroupID` (`GroupID`),
  KEY `Code` (`Code`)
) ENGINE=InnoDB DEFAULT CHARSET=utf8;

LOCK TABLES `Permission` WRITE;
/*!40000 ALTER TABLE `Permission` DISABLE KEYS */;

INSERT INTO `Permission` (`ID`, `ClassName`, `LastEdited`, `Created`, `Code`, `Arg`, `Type`, `GroupID`)
VALUES
	(1,'SilverStripe\\Security\\Permission','2022-02-23 07:23:32','2022-02-23 07:23:32','CMS_ACCESS_CMSMain',0,1,1),
	(2,'SilverStripe\\Security\\Permission','2022-02-23 07:23:32','2022-02-23 07:23:32','CMS_ACCESS_AssetAdmin',0,1,1),
	(3,'SilverStripe\\Security\\Permission','2022-02-23 07:23:32','2022-02-23 07:23:32','CMS_ACCESS_ReportAdmin',0,1,1),
	(4,'SilverStripe\\Security\\Permission','2022-02-23 07:23:32','2022-02-23 07:23:32','SITETREE_REORGANISE',0,1,1),
	(5,'SilverStripe\\Security\\Permission','2022-02-23 07:23:32','2022-02-23 07:23:32','ADMIN',0,1,2);

/*!40000 ALTER TABLE `Permission` ENABLE KEYS */;
UNLOCK TABLES;


# Dump of table PermissionRole
# ------------------------------------------------------------

DROP TABLE IF EXISTS `PermissionRole`;

CREATE TABLE `PermissionRole` (
  `ID` int(11) NOT NULL AUTO_INCREMENT,
  `ClassName` enum('SilverStripe\\Security\\PermissionRole') DEFAULT 'SilverStripe\\Security\\PermissionRole',
  `LastEdited` datetime DEFAULT NULL,
  `Created` datetime DEFAULT NULL,
  `Title` varchar(255) DEFAULT NULL,
  `OnlyAdminCanApply` tinyint(1) unsigned NOT NULL DEFAULT '0',
  PRIMARY KEY (`ID`),
  KEY `Title` (`Title`),
  KEY `ClassName` (`ClassName`)
) ENGINE=InnoDB DEFAULT CHARSET=utf8;



# Dump of table PermissionRoleCode
# ------------------------------------------------------------

DROP TABLE IF EXISTS `PermissionRoleCode`;

CREATE TABLE `PermissionRoleCode` (
  `ID` int(11) NOT NULL AUTO_INCREMENT,
  `ClassName` enum('SilverStripe\\Security\\PermissionRoleCode') DEFAULT 'SilverStripe\\Security\\PermissionRoleCode',
  `LastEdited` datetime DEFAULT NULL,
  `Created` datetime DEFAULT NULL,
  `Code` varchar(255) DEFAULT NULL,
  `RoleID` int(11) NOT NULL DEFAULT '0',
  PRIMARY KEY (`ID`),
  KEY `ClassName` (`ClassName`),
  KEY `RoleID` (`RoleID`)
) ENGINE=InnoDB DEFAULT CHARSET=utf8;



# Dump of table ProductCategory
# ------------------------------------------------------------

DROP TABLE IF EXISTS `ProductCategory`;

CREATE TABLE `ProductCategory` (
  `ID` int(11) NOT NULL AUTO_INCREMENT,
  `ClassName` enum('App\\Models\\ProductCategory') DEFAULT 'App\\Models\\ProductCategory',
  `LastEdited` datetime DEFAULT NULL,
  `Created` datetime DEFAULT NULL,
  `Title` mediumtext,
  `SortOrder` int(11) NOT NULL DEFAULT '0',
  `Content` mediumtext,
  PRIMARY KEY (`ID`),
  KEY `SortOrder` (`SortOrder`),
  KEY `ClassName` (`ClassName`)
) ENGINE=InnoDB DEFAULT CHARSET=utf8;

LOCK TABLES `ProductCategory` WRITE;
/*!40000 ALTER TABLE `ProductCategory` DISABLE KEYS */;

INSERT INTO `ProductCategory` (`ID`, `ClassName`, `LastEdited`, `Created`, `Title`, `SortOrder`, `Content`)
VALUES
	(2,'App\\Models\\ProductCategory','2022-02-23 08:37:10','2022-02-23 08:34:24','Category 1',0,NULL),
	(3,'App\\Models\\ProductCategory','2022-02-23 08:36:03','2022-02-23 08:36:03','Category 2',0,NULL);

/*!40000 ALTER TABLE `ProductCategory` ENABLE KEYS */;
UNLOCK TABLES;


# Dump of table ProductCategory_Products
# ------------------------------------------------------------

DROP TABLE IF EXISTS `ProductCategory_Products`;

CREATE TABLE `ProductCategory_Products` (
  `ID` int(11) NOT NULL AUTO_INCREMENT,
  `ProductCategoryID` int(11) NOT NULL DEFAULT '0',
  `ProductPageID` int(11) NOT NULL DEFAULT '0',
  PRIMARY KEY (`ID`),
  KEY `ProductCategoryID` (`ProductCategoryID`),
  KEY `ProductPageID` (`ProductPageID`)
) ENGINE=InnoDB DEFAULT CHARSET=utf8;



# Dump of table ProductHolderPage
# ------------------------------------------------------------

DROP TABLE IF EXISTS `ProductHolderPage`;

CREATE TABLE `ProductHolderPage` (
  `ID` int(11) NOT NULL AUTO_INCREMENT,
  `Title` mediumtext,
  `Content` mediumtext,
  PRIMARY KEY (`ID`)
) ENGINE=InnoDB DEFAULT CHARSET=utf8;

LOCK TABLES `ProductHolderPage` WRITE;
/*!40000 ALTER TABLE `ProductHolderPage` DISABLE KEYS */;

INSERT INTO `ProductHolderPage` (`ID`, `Title`, `Content`)
VALUES
	(7,'Product Holder','<p>This page holds all of the products below.&nbsp; Have fun!</p>');

/*!40000 ALTER TABLE `ProductHolderPage` ENABLE KEYS */;
UNLOCK TABLES;


# Dump of table ProductHolderPage_Live
# ------------------------------------------------------------

DROP TABLE IF EXISTS `ProductHolderPage_Live`;

CREATE TABLE `ProductHolderPage_Live` (
  `ID` int(11) NOT NULL AUTO_INCREMENT,
  `Title` mediumtext,
  `Content` mediumtext,
  PRIMARY KEY (`ID`)
) ENGINE=InnoDB DEFAULT CHARSET=utf8;

LOCK TABLES `ProductHolderPage_Live` WRITE;
/*!40000 ALTER TABLE `ProductHolderPage_Live` DISABLE KEYS */;

INSERT INTO `ProductHolderPage_Live` (`ID`, `Title`, `Content`)
VALUES
	(7,'Product Holder','<p>This page holds all of the products below.&nbsp; Have fun!</p>');

/*!40000 ALTER TABLE `ProductHolderPage_Live` ENABLE KEYS */;
UNLOCK TABLES;


# Dump of table ProductHolderPage_Versions
# ------------------------------------------------------------

DROP TABLE IF EXISTS `ProductHolderPage_Versions`;

CREATE TABLE `ProductHolderPage_Versions` (
  `ID` int(11) NOT NULL AUTO_INCREMENT,
  `RecordID` int(11) NOT NULL DEFAULT '0',
  `Version` int(11) NOT NULL DEFAULT '0',
  `Title` mediumtext,
  `Content` mediumtext,
  PRIMARY KEY (`ID`),
  UNIQUE KEY `RecordID_Version` (`RecordID`,`Version`),
  KEY `RecordID` (`RecordID`),
  KEY `Version` (`Version`)
) ENGINE=InnoDB DEFAULT CHARSET=utf8;

LOCK TABLES `ProductHolderPage_Versions` WRITE;
/*!40000 ALTER TABLE `ProductHolderPage_Versions` DISABLE KEYS */;

INSERT INTO `ProductHolderPage_Versions` (`ID`, `RecordID`, `Version`, `Title`, `Content`)
VALUES
	(1,6,1,'New Product Holder Page',NULL),
	(2,7,1,'New Product Holder Page',NULL),
	(3,7,2,'Product Holder',NULL),
	(4,7,3,'Product Holder',NULL),
	(5,7,4,'Product Holder','<p>This page holds all of the products below</p>'),
	(6,7,5,'Product Holder','<p>This page holds all of the products below</p>'),
	(7,7,6,NULL,'<p>This page holds all of the products below.&nbsp; Have fun!</p>'),
	(8,7,7,NULL,'<p>This page holds all of the products below.&nbsp; Have fun!</p>');

/*!40000 ALTER TABLE `ProductHolderPage_Versions` ENABLE KEYS */;
UNLOCK TABLES;


# Dump of table ProductPage
# ------------------------------------------------------------

DROP TABLE IF EXISTS `ProductPage`;

CREATE TABLE `ProductPage` (
  `ID` int(11) NOT NULL AUTO_INCREMENT,
  `Title` mediumtext,
  `ProductID` int(11) NOT NULL DEFAULT '0',
  `Blurb` mediumtext,
  `Price` mediumtext,
  `Content` mediumtext,
  `SortOrder` int(11) NOT NULL DEFAULT '0',
  `ImageID` int(11) NOT NULL DEFAULT '0',
  PRIMARY KEY (`ID`),
  KEY `ProductID` (`ProductID`),
  KEY `ImageID` (`ImageID`),
  KEY `SortOrder` (`SortOrder`)
) ENGINE=InnoDB DEFAULT CHARSET=utf8;

LOCK TABLES `ProductPage` WRITE;
/*!40000 ALTER TABLE `ProductPage` DISABLE KEYS */;

INSERT INTO `ProductPage` (`ID`, `Title`, `ProductID`, `Blurb`, `Price`, `Content`, `SortOrder`, `ImageID`)
VALUES
	(8,'Product the First',1,'This is a product!','5.00','<p><span>Lorem ipsum dolor sit amet, consectetur adipiscing elit. Proin at tortor sed ex viverra cursus sagittis in tellus</span></p>',0,2),
	(9,'Product the Second',2,'This is 2 product!','5.50','<p><span>Lorem ipsum dolor sit amet, consectetur adipiscing elit. Proin at tortor sed ex viverra cursus sagittis in tellus</span></p>',0,2),
	(10,'Product the Third',0,'This be Product!','$6.00','<p><span>Lorem ipsum dolor sit amet, consectetur adipiscing elit. Proin at tortor sed ex viverra cursus sagittis in tellus</span></p>',0,2),
	(11,'Product the Fourth',0,'Product, but fourth!','$10.00','<p><span>Lorem ipsum dolor sit amet, consectetur adipiscing elit. Proin at tortor sed ex viverra cursus sagittis in tellus</span></p>',0,2);

/*!40000 ALTER TABLE `ProductPage` ENABLE KEYS */;
UNLOCK TABLES;


# Dump of table ProductPage_Categories
# ------------------------------------------------------------

DROP TABLE IF EXISTS `ProductPage_Categories`;

CREATE TABLE `ProductPage_Categories` (
  `ID` int(11) NOT NULL AUTO_INCREMENT,
  `ProductPageID` int(11) NOT NULL DEFAULT '0',
  `ProductCategoryID` int(11) NOT NULL DEFAULT '0',
  PRIMARY KEY (`ID`),
  KEY `ProductPageID` (`ProductPageID`),
  KEY `ProductCategoryID` (`ProductCategoryID`)
) ENGINE=InnoDB DEFAULT CHARSET=utf8;

LOCK TABLES `ProductPage_Categories` WRITE;
/*!40000 ALTER TABLE `ProductPage_Categories` DISABLE KEYS */;

INSERT INTO `ProductPage_Categories` (`ID`, `ProductPageID`, `ProductCategoryID`)
VALUES
	(1,8,2),
	(2,9,3),
	(3,10,2),
	(4,10,3),
	(5,11,3);

/*!40000 ALTER TABLE `ProductPage_Categories` ENABLE KEYS */;
UNLOCK TABLES;


# Dump of table ProductPage_Live
# ------------------------------------------------------------

DROP TABLE IF EXISTS `ProductPage_Live`;

CREATE TABLE `ProductPage_Live` (
  `ID` int(11) NOT NULL AUTO_INCREMENT,
  `Title` mediumtext,
  `ProductID` int(11) NOT NULL DEFAULT '0',
  `Blurb` mediumtext,
  `Price` mediumtext,
  `Content` mediumtext,
  `SortOrder` int(11) NOT NULL DEFAULT '0',
  `ImageID` int(11) NOT NULL DEFAULT '0',
  PRIMARY KEY (`ID`),
  KEY `ProductID` (`ProductID`),
  KEY `ImageID` (`ImageID`),
  KEY `SortOrder` (`SortOrder`)
) ENGINE=InnoDB DEFAULT CHARSET=utf8;

LOCK TABLES `ProductPage_Live` WRITE;
/*!40000 ALTER TABLE `ProductPage_Live` DISABLE KEYS */;

INSERT INTO `ProductPage_Live` (`ID`, `Title`, `ProductID`, `Blurb`, `Price`, `Content`, `SortOrder`, `ImageID`)
VALUES
	(8,'Product the First',1,'This is a product!','5.00','<p><span>Lorem ipsum dolor sit amet, consectetur adipiscing elit. Proin at tortor sed ex viverra cursus sagittis in tellus</span></p>',0,2),
	(9,'Product the Second',2,'This is 2 product!','5.50','<p><span>Lorem ipsum dolor sit amet, consectetur adipiscing elit. Proin at tortor sed ex viverra cursus sagittis in tellus</span></p>',0,2),
	(10,'Product the Third',0,'This be Product!','$6.00','<p><span>Lorem ipsum dolor sit amet, consectetur adipiscing elit. Proin at tortor sed ex viverra cursus sagittis in tellus</span></p>',0,2),
	(11,'Product the Fourth',0,'Product, but fourth!','$10.00','<p><span>Lorem ipsum dolor sit amet, consectetur adipiscing elit. Proin at tortor sed ex viverra cursus sagittis in tellus</span></p>',0,2);

/*!40000 ALTER TABLE `ProductPage_Live` ENABLE KEYS */;
UNLOCK TABLES;


# Dump of table ProductPage_Versions
# ------------------------------------------------------------

DROP TABLE IF EXISTS `ProductPage_Versions`;

CREATE TABLE `ProductPage_Versions` (
  `ID` int(11) NOT NULL AUTO_INCREMENT,
  `RecordID` int(11) NOT NULL DEFAULT '0',
  `Version` int(11) NOT NULL DEFAULT '0',
  `Title` mediumtext,
  `ProductID` int(11) NOT NULL DEFAULT '0',
  `Blurb` mediumtext,
  `Price` mediumtext,
  `Content` mediumtext,
  `SortOrder` int(11) NOT NULL DEFAULT '0',
  `ImageID` int(11) NOT NULL DEFAULT '0',
  PRIMARY KEY (`ID`),
  UNIQUE KEY `RecordID_Version` (`RecordID`,`Version`),
  KEY `RecordID` (`RecordID`),
  KEY `Version` (`Version`),
  KEY `ProductID` (`ProductID`),
  KEY `ImageID` (`ImageID`),
  KEY `SortOrder` (`SortOrder`)
) ENGINE=InnoDB DEFAULT CHARSET=utf8;

LOCK TABLES `ProductPage_Versions` WRITE;
/*!40000 ALTER TABLE `ProductPage_Versions` DISABLE KEYS */;

INSERT INTO `ProductPage_Versions` (`ID`, `RecordID`, `Version`, `Title`, `ProductID`, `Blurb`, `Price`, `Content`, `SortOrder`, `ImageID`)
VALUES
	(1,8,1,'New Product Page',0,NULL,NULL,NULL,0,0),
	(2,8,2,'New Product Page',0,NULL,NULL,NULL,0,0),
	(3,8,3,'Product Page 1',0,NULL,NULL,NULL,0,0),
	(4,8,4,'Product Page 1',0,NULL,NULL,NULL,0,0),
	(5,9,1,'New Product Page',0,NULL,NULL,NULL,0,0),
	(6,9,2,'Product the Second',0,NULL,NULL,NULL,0,0),
	(7,9,3,'Product the Second',0,NULL,NULL,NULL,0,0),
	(8,8,5,'Product the First',0,NULL,NULL,NULL,0,0),
	(9,8,6,'Product the First',0,NULL,NULL,NULL,0,0),
	(10,8,7,'Product the First',2,NULL,NULL,NULL,0,0),
	(11,8,8,'Product the First',2,NULL,NULL,NULL,0,0),
	(12,8,9,'Product the First',1,NULL,NULL,NULL,0,0),
	(13,8,10,'Product the First',1,NULL,NULL,NULL,0,0),
	(14,9,4,'Product the Second',2,NULL,NULL,NULL,0,0),
	(15,9,5,'Product the Second',2,NULL,NULL,NULL,0,0),
	(16,8,11,'Product the First',0,'This is a product!','5.00','<p><span>Lorem ipsum dolor sit amet, consectetur adipiscing elit. Proin at tortor sed ex viverra cursus sagittis in tellus</span></p>',0,2),
	(17,8,12,'Product the First',0,'This is a product!','5.00','<p><span>Lorem ipsum dolor sit amet, consectetur adipiscing elit. Proin at tortor sed ex viverra cursus sagittis in tellus</span></p>',0,2),
	(18,9,6,'Product the Second',0,'This is 2 product!','5.50','<p><span>Lorem ipsum dolor sit amet, consectetur adipiscing elit. Proin at tortor sed ex viverra cursus sagittis in tellus</span></p>',0,0),
	(19,9,7,'Product the Second',0,'This is 2 product!','5.50','<p><span>Lorem ipsum dolor sit amet, consectetur adipiscing elit. Proin at tortor sed ex viverra cursus sagittis in tellus</span></p>',0,0),
	(20,9,8,'Product the Second',0,'This is 2 product!','5.50','<p><span>Lorem ipsum dolor sit amet, consectetur adipiscing elit. Proin at tortor sed ex viverra cursus sagittis in tellus</span></p>',0,2),
	(21,9,9,'Product the Second',0,'This is 2 product!','5.50','<p><span>Lorem ipsum dolor sit amet, consectetur adipiscing elit. Proin at tortor sed ex viverra cursus sagittis in tellus</span></p>',0,2),
	(22,10,1,'New Product Page',0,NULL,NULL,NULL,0,0),
	(23,10,2,'Product the Third',0,'This be Product!','$6.00',NULL,0,0),
	(24,10,3,'Product the Third',0,'This be Product!','$6.00',NULL,0,0),
	(25,10,4,'Product the Third',0,'This be Product!','$6.00','<p><span>Lorem ipsum dolor sit amet, consectetur adipiscing elit. Proin at tortor sed ex viverra cursus sagittis in tellus</span></p>',0,0),
	(26,10,5,'Product the Third',0,'This be Product!','$6.00','<p><span>Lorem ipsum dolor sit amet, consectetur adipiscing elit. Proin at tortor sed ex viverra cursus sagittis in tellus</span></p>',0,0),
	(27,10,6,'Product the Third',0,'This be Product!','$6.00','<p><span>Lorem ipsum dolor sit amet, consectetur adipiscing elit. Proin at tortor sed ex viverra cursus sagittis in tellus</span></p>',0,2),
	(28,10,7,'Product the Third',0,'This be Product!','$6.00','<p><span>Lorem ipsum dolor sit amet, consectetur adipiscing elit. Proin at tortor sed ex viverra cursus sagittis in tellus</span></p>',0,2),
	(29,11,1,'New Product Page',0,NULL,NULL,NULL,0,0),
	(30,11,2,'Product the Fourth',0,'Product, but fourth!','$10.00','<p><span>Lorem ipsum dolor sit amet, consectetur adipiscing elit. Proin at tortor sed ex viverra cursus sagittis in tellus</span></p>',0,2),
	(31,11,3,'Product the Fourth',0,'Product, but fourth!','$10.00','<p><span>Lorem ipsum dolor sit amet, consectetur adipiscing elit. Proin at tortor sed ex viverra cursus sagittis in tellus</span></p>',0,2);

/*!40000 ALTER TABLE `ProductPage_Versions` ENABLE KEYS */;
UNLOCK TABLES;


# Dump of table RedirectedURL
# ------------------------------------------------------------

DROP TABLE IF EXISTS `RedirectedURL`;

CREATE TABLE `RedirectedURL` (
  `ID` int(11) NOT NULL AUTO_INCREMENT,
  `ClassName` enum('SilverStripe\\RedirectedURLs\\Model\\RedirectedURL') DEFAULT 'SilverStripe\\RedirectedURLs\\Model\\RedirectedURL',
  `LastEdited` datetime DEFAULT NULL,
  `Created` datetime DEFAULT NULL,
  `FromBase` varchar(255) DEFAULT NULL,
  `FromQuerystring` varchar(255) DEFAULT NULL,
  `To` varchar(255) DEFAULT NULL,
  `RedirectionType` enum('Internal','External') DEFAULT 'Internal',
  `RedirectCode` int(11) NOT NULL DEFAULT '0',
  `LinkToID` int(11) NOT NULL DEFAULT '0',
  PRIMARY KEY (`ID`),
  UNIQUE KEY `From` (`FromBase`,`FromQuerystring`),
  KEY `ClassName` (`ClassName`),
  KEY `LinkToID` (`LinkToID`)
) ENGINE=InnoDB DEFAULT CHARSET=utf8;



# Dump of table RedirectorPage
# ------------------------------------------------------------

DROP TABLE IF EXISTS `RedirectorPage`;

CREATE TABLE `RedirectorPage` (
  `ID` int(11) NOT NULL AUTO_INCREMENT,
  `RedirectionType` enum('Internal','External') DEFAULT 'Internal',
  `ExternalURL` varchar(2083) DEFAULT NULL,
  `LinkToID` int(11) NOT NULL DEFAULT '0',
  PRIMARY KEY (`ID`),
  KEY `LinkToID` (`LinkToID`)
) ENGINE=InnoDB DEFAULT CHARSET=utf8;



# Dump of table RedirectorPage_Live
# ------------------------------------------------------------

DROP TABLE IF EXISTS `RedirectorPage_Live`;

CREATE TABLE `RedirectorPage_Live` (
  `ID` int(11) NOT NULL AUTO_INCREMENT,
  `RedirectionType` enum('Internal','External') DEFAULT 'Internal',
  `ExternalURL` varchar(2083) DEFAULT NULL,
  `LinkToID` int(11) NOT NULL DEFAULT '0',
  PRIMARY KEY (`ID`),
  KEY `LinkToID` (`LinkToID`)
) ENGINE=InnoDB DEFAULT CHARSET=utf8;



# Dump of table RedirectorPage_Versions
# ------------------------------------------------------------

DROP TABLE IF EXISTS `RedirectorPage_Versions`;

CREATE TABLE `RedirectorPage_Versions` (
  `ID` int(11) NOT NULL AUTO_INCREMENT,
  `RecordID` int(11) NOT NULL DEFAULT '0',
  `Version` int(11) NOT NULL DEFAULT '0',
  `RedirectionType` enum('Internal','External') DEFAULT 'Internal',
  `ExternalURL` varchar(2083) DEFAULT NULL,
  `LinkToID` int(11) NOT NULL DEFAULT '0',
  PRIMARY KEY (`ID`),
  UNIQUE KEY `RecordID_Version` (`RecordID`,`Version`),
  KEY `RecordID` (`RecordID`),
  KEY `Version` (`Version`),
  KEY `LinkToID` (`LinkToID`)
) ENGINE=InnoDB DEFAULT CHARSET=utf8;



# Dump of table RememberLoginHash
# ------------------------------------------------------------

DROP TABLE IF EXISTS `RememberLoginHash`;

CREATE TABLE `RememberLoginHash` (
  `ID` int(11) NOT NULL AUTO_INCREMENT,
  `ClassName` enum('SilverStripe\\Security\\RememberLoginHash') DEFAULT 'SilverStripe\\Security\\RememberLoginHash',
  `LastEdited` datetime DEFAULT NULL,
  `Created` datetime DEFAULT NULL,
  `DeviceID` varchar(40) DEFAULT NULL,
  `Hash` varchar(160) DEFAULT NULL,
  `ExpiryDate` datetime DEFAULT NULL,
  `MemberID` int(11) NOT NULL DEFAULT '0',
  PRIMARY KEY (`ID`),
  KEY `ClassName` (`ClassName`),
  KEY `MemberID` (`MemberID`),
  KEY `DeviceID` (`DeviceID`),
  KEY `Hash` (`Hash`)
) ENGINE=InnoDB DEFAULT CHARSET=utf8;



# Dump of table SiteConfig
# ------------------------------------------------------------

DROP TABLE IF EXISTS `SiteConfig`;

CREATE TABLE `SiteConfig` (
  `ID` int(11) NOT NULL AUTO_INCREMENT,
  `ClassName` enum('SilverStripe\\SiteConfig\\SiteConfig') DEFAULT 'SilverStripe\\SiteConfig\\SiteConfig',
  `LastEdited` datetime DEFAULT NULL,
  `Created` datetime DEFAULT NULL,
  `GoogleTagManagerCode` varchar(16) DEFAULT NULL,
  `ContactPhoneNumber` varchar(255) DEFAULT NULL,
  `ContactFormEmail` varchar(255) DEFAULT NULL,
  `OpenGraphTitle` mediumtext,
  `OpenGraphType` mediumtext,
  `OpenGraphDescription` mediumtext,
  `Title` varchar(255) DEFAULT NULL,
  `Tagline` varchar(255) DEFAULT NULL,
  `CanViewType` enum('Anyone','LoggedInUsers','OnlyTheseUsers') DEFAULT 'Anyone',
  `CanEditType` enum('LoggedInUsers','OnlyTheseUsers') DEFAULT 'LoggedInUsers',
  `CanCreateTopLevelType` enum('LoggedInUsers','OnlyTheseUsers') DEFAULT 'LoggedInUsers',
  `OpenGraphImageID` int(11) NOT NULL DEFAULT '0',
  PRIMARY KEY (`ID`),
  KEY `ClassName` (`ClassName`),
  KEY `OpenGraphImageID` (`OpenGraphImageID`)
) ENGINE=InnoDB DEFAULT CHARSET=utf8;

LOCK TABLES `SiteConfig` WRITE;
/*!40000 ALTER TABLE `SiteConfig` DISABLE KEYS */;

INSERT INTO `SiteConfig` (`ID`, `ClassName`, `LastEdited`, `Created`, `GoogleTagManagerCode`, `ContactPhoneNumber`, `ContactFormEmail`, `OpenGraphTitle`, `OpenGraphType`, `OpenGraphDescription`, `Title`, `Tagline`, `CanViewType`, `CanEditType`, `CanCreateTopLevelType`, `OpenGraphImageID`)
VALUES
	(1,'SilverStripe\\SiteConfig\\SiteConfig','2022-02-24 06:38:40','2022-02-23 07:23:32',NULL,'00 000 0000','natchapon421@live.com',NULL,'website',NULL,'The On Fire Test!','your tagline here','Anyone','LoggedInUsers','LoggedInUsers',0);

/*!40000 ALTER TABLE `SiteConfig` ENABLE KEYS */;
UNLOCK TABLES;


# Dump of table SiteConfig_CreateTopLevelGroups
# ------------------------------------------------------------

DROP TABLE IF EXISTS `SiteConfig_CreateTopLevelGroups`;

CREATE TABLE `SiteConfig_CreateTopLevelGroups` (
  `ID` int(11) NOT NULL AUTO_INCREMENT,
  `SiteConfigID` int(11) NOT NULL DEFAULT '0',
  `GroupID` int(11) NOT NULL DEFAULT '0',
  PRIMARY KEY (`ID`),
  KEY `SiteConfigID` (`SiteConfigID`),
  KEY `GroupID` (`GroupID`)
) ENGINE=InnoDB DEFAULT CHARSET=utf8;



# Dump of table SiteConfig_EditorGroups
# ------------------------------------------------------------

DROP TABLE IF EXISTS `SiteConfig_EditorGroups`;

CREATE TABLE `SiteConfig_EditorGroups` (
  `ID` int(11) NOT NULL AUTO_INCREMENT,
  `SiteConfigID` int(11) NOT NULL DEFAULT '0',
  `GroupID` int(11) NOT NULL DEFAULT '0',
  PRIMARY KEY (`ID`),
  KEY `SiteConfigID` (`SiteConfigID`),
  KEY `GroupID` (`GroupID`)
) ENGINE=InnoDB DEFAULT CHARSET=utf8;



# Dump of table SiteConfig_ViewerGroups
# ------------------------------------------------------------

DROP TABLE IF EXISTS `SiteConfig_ViewerGroups`;

CREATE TABLE `SiteConfig_ViewerGroups` (
  `ID` int(11) NOT NULL AUTO_INCREMENT,
  `SiteConfigID` int(11) NOT NULL DEFAULT '0',
  `GroupID` int(11) NOT NULL DEFAULT '0',
  PRIMARY KEY (`ID`),
  KEY `SiteConfigID` (`SiteConfigID`),
  KEY `GroupID` (`GroupID`)
) ENGINE=InnoDB DEFAULT CHARSET=utf8;



# Dump of table SiteTree
# ------------------------------------------------------------

DROP TABLE IF EXISTS `SiteTree`;

CREATE TABLE `SiteTree` (
  `ID` int(11) NOT NULL AUTO_INCREMENT,
  `ClassName` enum('SilverStripe\\CMS\\Model\\SiteTree','Page','App\\Pages\\HomePage','App\\Pages\\ProductHolderPage','App\\Pages\\ProductPage','SilverStripe\\ErrorPage\\ErrorPage','SilverStripe\\CMS\\Model\\RedirectorPage','SilverStripe\\CMS\\Model\\VirtualPage') DEFAULT 'Page',
  `LastEdited` datetime DEFAULT NULL,
  `Created` datetime DEFAULT NULL,
  `Priority` varchar(5) DEFAULT NULL,
  `CanViewType` enum('Anyone','LoggedInUsers','OnlyTheseUsers','Inherit') DEFAULT 'Inherit',
  `CanEditType` enum('LoggedInUsers','OnlyTheseUsers','Inherit') DEFAULT 'Inherit',
  `Version` int(11) NOT NULL DEFAULT '0',
  `URLSegment` varchar(255) DEFAULT NULL,
  `Title` varchar(255) DEFAULT NULL,
  `MenuTitle` varchar(100) DEFAULT NULL,
  `Content` mediumtext,
  `MetaDescription` mediumtext,
  `ExtraMeta` mediumtext,
  `ShowInMenus` tinyint(1) unsigned NOT NULL DEFAULT '0',
  `ShowInSearch` tinyint(1) unsigned NOT NULL DEFAULT '0',
  `Sort` int(11) NOT NULL DEFAULT '0',
  `HasBrokenFile` tinyint(1) unsigned NOT NULL DEFAULT '0',
  `HasBrokenLink` tinyint(1) unsigned NOT NULL DEFAULT '0',
  `ReportClass` varchar(255) DEFAULT NULL,
  `ParentID` int(11) NOT NULL DEFAULT '0',
  PRIMARY KEY (`ID`),
  KEY `Sort` (`Sort`),
  KEY `ClassName` (`ClassName`),
  KEY `ParentID` (`ParentID`),
  KEY `URLSegment` (`URLSegment`)
) ENGINE=InnoDB DEFAULT CHARSET=utf8;

LOCK TABLES `SiteTree` WRITE;
/*!40000 ALTER TABLE `SiteTree` DISABLE KEYS */;

INSERT INTO `SiteTree` (`ID`, `ClassName`, `LastEdited`, `Created`, `Priority`, `CanViewType`, `CanEditType`, `Version`, `URLSegment`, `Title`, `MenuTitle`, `Content`, `MetaDescription`, `ExtraMeta`, `ShowInMenus`, `ShowInSearch`, `Sort`, `HasBrokenFile`, `HasBrokenLink`, `ReportClass`, `ParentID`)
VALUES
	(1,'Page','2022-02-24 06:26:27','2022-02-23 07:23:32',NULL,'Inherit','Inherit',6,'home','Home',NULL,'<p><span class=\"h3\">Hello examiner, this is the test program for the <strong>ONFIRE APPLICATION</strong>!</span></p><p>I have used the base silverstripe project template that we use at our workplace, because setting one up from scratch takes a lot longer.&nbsp; The template only has the prebuilt header, footer and hamburger, so ignore that.</p><p>You can create product pages in the pages menu, and they have checkboxes to assign categories.</p><p>The project category admin will allow you to easily create new categories.</p>',NULL,NULL,1,1,1,0,0,NULL,0),
	(4,'SilverStripe\\ErrorPage\\ErrorPage','2022-02-23 07:23:32','2022-02-23 07:23:32',NULL,'Inherit','Inherit',2,'page-not-found','Page not found',NULL,'<p>Sorry, it seems you were trying to access a page that doesn\'t exist.</p><p>Please check the spelling of the URL you were trying to access and try again.</p>',NULL,NULL,0,0,4,0,0,NULL,0),
	(5,'SilverStripe\\ErrorPage\\ErrorPage','2022-02-23 07:23:32','2022-02-23 07:23:32',NULL,'Inherit','Inherit',2,'server-error','Server error',NULL,'<p>Sorry, there was a problem with handling your request.</p>',NULL,NULL,0,0,5,0,0,NULL,0),
	(7,'App\\Pages\\ProductHolderPage','2022-02-24 06:26:38','2022-02-23 07:26:50',NULL,'Inherit','Inherit',7,'product-holder','Product Holder',NULL,'<p>This page holds all of the products below.&nbsp; Have fun!</p>',NULL,NULL,1,1,6,0,0,NULL,0),
	(8,'App\\Pages\\ProductPage','2022-02-24 05:42:55','2022-02-23 07:28:19',NULL,'Inherit','Inherit',12,'product-page-1','Product the First',NULL,'<p><span>Lorem ipsum dolor sit amet, consectetur adipiscing elit. Proin at tortor sed ex viverra cursus sagittis in tellus</span></p>',NULL,NULL,1,1,1,0,0,NULL,7),
	(9,'App\\Pages\\ProductPage','2022-02-24 05:42:59','2022-02-23 07:39:47',NULL,'Inherit','Inherit',9,'product-the-second','Product the Second',NULL,'<p><span>Lorem ipsum dolor sit amet, consectetur adipiscing elit. Proin at tortor sed ex viverra cursus sagittis in tellus</span></p>',NULL,NULL,1,1,2,0,0,NULL,7),
	(10,'App\\Pages\\ProductPage','2022-02-24 06:42:19','2022-02-24 06:41:31',NULL,'Inherit','Inherit',7,'product-the-third','Product the Third',NULL,'<p><span>Lorem ipsum dolor sit amet, consectetur adipiscing elit. Proin at tortor sed ex viverra cursus sagittis in tellus</span></p>',NULL,NULL,1,1,3,0,0,NULL,7),
	(11,'App\\Pages\\ProductPage','2022-02-24 06:43:37','2022-02-24 06:43:07',NULL,'Inherit','Inherit',3,'product-the-fourth','Product the Fourth',NULL,'<p><span>Lorem ipsum dolor sit amet, consectetur adipiscing elit. Proin at tortor sed ex viverra cursus sagittis in tellus</span></p>',NULL,NULL,1,1,4,0,0,NULL,7);

/*!40000 ALTER TABLE `SiteTree` ENABLE KEYS */;
UNLOCK TABLES;


# Dump of table SiteTree_EditorGroups
# ------------------------------------------------------------

DROP TABLE IF EXISTS `SiteTree_EditorGroups`;

CREATE TABLE `SiteTree_EditorGroups` (
  `ID` int(11) NOT NULL AUTO_INCREMENT,
  `SiteTreeID` int(11) NOT NULL DEFAULT '0',
  `GroupID` int(11) NOT NULL DEFAULT '0',
  PRIMARY KEY (`ID`),
  KEY `SiteTreeID` (`SiteTreeID`),
  KEY `GroupID` (`GroupID`)
) ENGINE=InnoDB DEFAULT CHARSET=utf8;



# Dump of table SiteTree_Live
# ------------------------------------------------------------

DROP TABLE IF EXISTS `SiteTree_Live`;

CREATE TABLE `SiteTree_Live` (
  `ID` int(11) NOT NULL AUTO_INCREMENT,
  `ClassName` enum('SilverStripe\\CMS\\Model\\SiteTree','Page','App\\Pages\\HomePage','App\\Pages\\ProductHolderPage','App\\Pages\\ProductPage','SilverStripe\\ErrorPage\\ErrorPage','SilverStripe\\CMS\\Model\\RedirectorPage','SilverStripe\\CMS\\Model\\VirtualPage') DEFAULT 'Page',
  `LastEdited` datetime DEFAULT NULL,
  `Created` datetime DEFAULT NULL,
  `Priority` varchar(5) DEFAULT NULL,
  `CanViewType` enum('Anyone','LoggedInUsers','OnlyTheseUsers','Inherit') DEFAULT 'Inherit',
  `CanEditType` enum('LoggedInUsers','OnlyTheseUsers','Inherit') DEFAULT 'Inherit',
  `Version` int(11) NOT NULL DEFAULT '0',
  `URLSegment` varchar(255) DEFAULT NULL,
  `Title` varchar(255) DEFAULT NULL,
  `MenuTitle` varchar(100) DEFAULT NULL,
  `Content` mediumtext,
  `MetaDescription` mediumtext,
  `ExtraMeta` mediumtext,
  `ShowInMenus` tinyint(1) unsigned NOT NULL DEFAULT '0',
  `ShowInSearch` tinyint(1) unsigned NOT NULL DEFAULT '0',
  `Sort` int(11) NOT NULL DEFAULT '0',
  `HasBrokenFile` tinyint(1) unsigned NOT NULL DEFAULT '0',
  `HasBrokenLink` tinyint(1) unsigned NOT NULL DEFAULT '0',
  `ReportClass` varchar(255) DEFAULT NULL,
  `ParentID` int(11) NOT NULL DEFAULT '0',
  PRIMARY KEY (`ID`),
  KEY `Sort` (`Sort`),
  KEY `ClassName` (`ClassName`),
  KEY `ParentID` (`ParentID`),
  KEY `URLSegment` (`URLSegment`)
) ENGINE=InnoDB DEFAULT CHARSET=utf8;

LOCK TABLES `SiteTree_Live` WRITE;
/*!40000 ALTER TABLE `SiteTree_Live` DISABLE KEYS */;

INSERT INTO `SiteTree_Live` (`ID`, `ClassName`, `LastEdited`, `Created`, `Priority`, `CanViewType`, `CanEditType`, `Version`, `URLSegment`, `Title`, `MenuTitle`, `Content`, `MetaDescription`, `ExtraMeta`, `ShowInMenus`, `ShowInSearch`, `Sort`, `HasBrokenFile`, `HasBrokenLink`, `ReportClass`, `ParentID`)
VALUES
	(1,'Page','2022-02-24 06:26:27','2022-02-23 07:23:32',NULL,'Inherit','Inherit',6,'home','Home',NULL,'<p><span class=\"h3\">Hello examiner, this is the test program for the <strong>ONFIRE APPLICATION</strong>!</span></p><p>I have used the base silverstripe project template that we use at our workplace, because setting one up from scratch takes a lot longer.&nbsp; The template only has the prebuilt header, footer and hamburger, so ignore that.</p><p>You can create product pages in the pages menu, and they have checkboxes to assign categories.</p><p>The project category admin will allow you to easily create new categories.</p>',NULL,NULL,1,1,1,0,0,NULL,0),
	(4,'SilverStripe\\ErrorPage\\ErrorPage','2022-02-23 07:23:32','2022-02-23 07:23:32',NULL,'Inherit','Inherit',2,'page-not-found','Page not found',NULL,'<p>Sorry, it seems you were trying to access a page that doesn\'t exist.</p><p>Please check the spelling of the URL you were trying to access and try again.</p>',NULL,NULL,0,0,4,0,0,NULL,0),
	(5,'SilverStripe\\ErrorPage\\ErrorPage','2022-02-23 07:23:32','2022-02-23 07:23:32',NULL,'Inherit','Inherit',2,'server-error','Server error',NULL,'<p>Sorry, there was a problem with handling your request.</p>',NULL,NULL,0,0,5,0,0,NULL,0),
	(7,'App\\Pages\\ProductHolderPage','2022-02-24 06:26:38','2022-02-23 07:26:50',NULL,'Inherit','Inherit',7,'product-holder','Product Holder',NULL,'<p>This page holds all of the products below.&nbsp; Have fun!</p>',NULL,NULL,1,1,6,0,0,NULL,0),
	(8,'App\\Pages\\ProductPage','2022-02-23 08:32:12','2022-02-23 07:28:19',NULL,'Inherit','Inherit',12,'product-page-1','Product the First',NULL,'<p><span>Lorem ipsum dolor sit amet, consectetur adipiscing elit. Proin at tortor sed ex viverra cursus sagittis in tellus</span></p>',NULL,NULL,1,1,1,0,0,NULL,7),
	(9,'App\\Pages\\ProductPage','2022-02-23 08:32:43','2022-02-23 07:39:47',NULL,'Inherit','Inherit',9,'product-the-second','Product the Second',NULL,'<p><span>Lorem ipsum dolor sit amet, consectetur adipiscing elit. Proin at tortor sed ex viverra cursus sagittis in tellus</span></p>',NULL,NULL,1,1,2,0,0,NULL,7),
	(10,'App\\Pages\\ProductPage','2022-02-24 06:42:19','2022-02-24 06:41:31',NULL,'Inherit','Inherit',7,'product-the-third','Product the Third',NULL,'<p><span>Lorem ipsum dolor sit amet, consectetur adipiscing elit. Proin at tortor sed ex viverra cursus sagittis in tellus</span></p>',NULL,NULL,1,1,3,0,0,NULL,7),
	(11,'App\\Pages\\ProductPage','2022-02-24 06:43:37','2022-02-24 06:43:07',NULL,'Inherit','Inherit',3,'product-the-fourth','Product the Fourth',NULL,'<p><span>Lorem ipsum dolor sit amet, consectetur adipiscing elit. Proin at tortor sed ex viverra cursus sagittis in tellus</span></p>',NULL,NULL,1,1,4,0,0,NULL,7);

/*!40000 ALTER TABLE `SiteTree_Live` ENABLE KEYS */;
UNLOCK TABLES;


# Dump of table SiteTree_Versions
# ------------------------------------------------------------

DROP TABLE IF EXISTS `SiteTree_Versions`;

CREATE TABLE `SiteTree_Versions` (
  `ID` int(11) NOT NULL AUTO_INCREMENT,
  `RecordID` int(11) NOT NULL DEFAULT '0',
  `Version` int(11) NOT NULL DEFAULT '0',
  `WasPublished` tinyint(1) unsigned NOT NULL DEFAULT '0',
  `WasDeleted` tinyint(1) unsigned NOT NULL DEFAULT '0',
  `WasDraft` tinyint(1) unsigned NOT NULL DEFAULT '1',
  `AuthorID` int(11) NOT NULL DEFAULT '0',
  `PublisherID` int(11) NOT NULL DEFAULT '0',
  `ClassName` enum('SilverStripe\\CMS\\Model\\SiteTree','Page','App\\Pages\\HomePage','App\\Pages\\ProductHolderPage','App\\Pages\\ProductPage','SilverStripe\\ErrorPage\\ErrorPage','SilverStripe\\CMS\\Model\\RedirectorPage','SilverStripe\\CMS\\Model\\VirtualPage') DEFAULT 'Page',
  `LastEdited` datetime DEFAULT NULL,
  `Created` datetime DEFAULT NULL,
  `Priority` varchar(5) DEFAULT NULL,
  `CanViewType` enum('Anyone','LoggedInUsers','OnlyTheseUsers','Inherit') DEFAULT 'Inherit',
  `CanEditType` enum('LoggedInUsers','OnlyTheseUsers','Inherit') DEFAULT 'Inherit',
  `URLSegment` varchar(255) DEFAULT NULL,
  `Title` varchar(255) DEFAULT NULL,
  `MenuTitle` varchar(100) DEFAULT NULL,
  `Content` mediumtext,
  `MetaDescription` mediumtext,
  `ExtraMeta` mediumtext,
  `ShowInMenus` tinyint(1) unsigned NOT NULL DEFAULT '0',
  `ShowInSearch` tinyint(1) unsigned NOT NULL DEFAULT '0',
  `Sort` int(11) NOT NULL DEFAULT '0',
  `HasBrokenFile` tinyint(1) unsigned NOT NULL DEFAULT '0',
  `HasBrokenLink` tinyint(1) unsigned NOT NULL DEFAULT '0',
  `ReportClass` varchar(255) DEFAULT NULL,
  `ParentID` int(11) NOT NULL DEFAULT '0',
  PRIMARY KEY (`ID`),
  KEY `RecordID_Version` (`RecordID`,`Version`),
  KEY `RecordID` (`RecordID`),
  KEY `Version` (`Version`),
  KEY `AuthorID` (`AuthorID`),
  KEY `PublisherID` (`PublisherID`),
  KEY `Sort` (`Sort`),
  KEY `ClassName` (`ClassName`),
  KEY `ParentID` (`ParentID`),
  KEY `URLSegment` (`URLSegment`)
) ENGINE=InnoDB DEFAULT CHARSET=utf8;

LOCK TABLES `SiteTree_Versions` WRITE;
/*!40000 ALTER TABLE `SiteTree_Versions` DISABLE KEYS */;

INSERT INTO `SiteTree_Versions` (`ID`, `RecordID`, `Version`, `WasPublished`, `WasDeleted`, `WasDraft`, `AuthorID`, `PublisherID`, `ClassName`, `LastEdited`, `Created`, `Priority`, `CanViewType`, `CanEditType`, `URLSegment`, `Title`, `MenuTitle`, `Content`, `MetaDescription`, `ExtraMeta`, `ShowInMenus`, `ShowInSearch`, `Sort`, `HasBrokenFile`, `HasBrokenLink`, `ReportClass`, `ParentID`)
VALUES
	(1,1,1,0,0,1,0,0,'Page','2022-02-23 07:23:32','2022-02-23 07:23:32',NULL,'Inherit','Inherit','home','Home',NULL,'<p>Welcome to SilverStripe! This is the default homepage. You can edit this page by opening <a href=\"admin/\">the CMS</a>.</p><p>You can now access the <a href=\"http://docs.silverstripe.org\">developer documentation</a>, or begin the <a href=\"http://www.silverstripe.org/learn/lessons\">SilverStripe lessons</a>.</p>',NULL,NULL,1,1,1,0,0,NULL,0),
	(2,1,2,1,0,1,0,0,'Page','2022-02-23 07:23:32','2022-02-23 07:23:32',NULL,'Inherit','Inherit','home','Home',NULL,'<p>Welcome to SilverStripe! This is the default homepage. You can edit this page by opening <a href=\"admin/\">the CMS</a>.</p><p>You can now access the <a href=\"http://docs.silverstripe.org\">developer documentation</a>, or begin the <a href=\"http://www.silverstripe.org/learn/lessons\">SilverStripe lessons</a>.</p>',NULL,NULL,1,1,1,0,0,NULL,0),
	(3,2,1,0,0,1,0,0,'Page','2022-02-23 07:23:32','2022-02-23 07:23:32',NULL,'Inherit','Inherit','about-us','About Us',NULL,'<p>You can fill this page out with your own content, or delete it and create your own pages.</p>',NULL,NULL,1,1,2,0,0,NULL,0),
	(4,2,2,1,0,1,0,0,'Page','2022-02-23 07:23:32','2022-02-23 07:23:32',NULL,'Inherit','Inherit','about-us','About Us',NULL,'<p>You can fill this page out with your own content, or delete it and create your own pages.</p>',NULL,NULL,1,1,2,0,0,NULL,0),
	(5,3,1,0,0,1,0,0,'Page','2022-02-23 07:23:32','2022-02-23 07:23:32',NULL,'Inherit','Inherit','contact-us','Contact Us',NULL,'<p>You can fill this page out with your own content, or delete it and create your own pages.</p>',NULL,NULL,1,1,3,0,0,NULL,0),
	(6,3,2,1,0,1,0,0,'Page','2022-02-23 07:23:32','2022-02-23 07:23:32',NULL,'Inherit','Inherit','contact-us','Contact Us',NULL,'<p>You can fill this page out with your own content, or delete it and create your own pages.</p>',NULL,NULL,1,1,3,0,0,NULL,0),
	(7,4,1,0,0,1,0,0,'SilverStripe\\ErrorPage\\ErrorPage','2022-02-23 07:23:32','2022-02-23 07:23:32',NULL,'Inherit','Inherit','page-not-found','Page not found',NULL,'<p>Sorry, it seems you were trying to access a page that doesn\'t exist.</p><p>Please check the spelling of the URL you were trying to access and try again.</p>',NULL,NULL,0,0,4,0,0,NULL,0),
	(8,4,2,1,0,1,0,0,'SilverStripe\\ErrorPage\\ErrorPage','2022-02-23 07:23:32','2022-02-23 07:23:32',NULL,'Inherit','Inherit','page-not-found','Page not found',NULL,'<p>Sorry, it seems you were trying to access a page that doesn\'t exist.</p><p>Please check the spelling of the URL you were trying to access and try again.</p>',NULL,NULL,0,0,4,0,0,NULL,0),
	(9,5,1,0,0,1,0,0,'SilverStripe\\ErrorPage\\ErrorPage','2022-02-23 07:23:32','2022-02-23 07:23:32',NULL,'Inherit','Inherit','server-error','Server error',NULL,'<p>Sorry, there was a problem with handling your request.</p>',NULL,NULL,0,0,5,0,0,NULL,0),
	(10,5,2,1,0,1,0,0,'SilverStripe\\ErrorPage\\ErrorPage','2022-02-23 07:23:32','2022-02-23 07:23:32',NULL,'Inherit','Inherit','server-error','Server error',NULL,'<p>Sorry, there was a problem with handling your request.</p>',NULL,NULL,0,0,5,0,0,NULL,0),
	(11,6,1,0,0,1,1,0,'App\\Pages\\ProductHolderPage','2022-02-23 07:24:35','2022-02-23 07:24:35',NULL,'Inherit','Inherit','new-product-holder-page','New Product Holder Page',NULL,NULL,NULL,NULL,1,1,6,0,0,NULL,0),
	(12,6,2,1,1,1,1,1,'App\\Pages\\ProductHolderPage','2022-02-23 07:26:42','2022-02-23 07:24:35',NULL,'Inherit','Inherit',NULL,NULL,NULL,NULL,NULL,NULL,0,0,0,0,0,NULL,0),
	(13,7,1,0,0,1,1,0,'App\\Pages\\ProductHolderPage','2022-02-23 07:26:50','2022-02-23 07:26:50',NULL,'Inherit','Inherit','new-product-holder-page','New Product Holder Page',NULL,NULL,NULL,NULL,1,1,6,0,0,NULL,0),
	(14,7,2,0,0,1,1,0,'App\\Pages\\ProductHolderPage','2022-02-23 07:27:16','2022-02-23 07:26:50',NULL,'Inherit','Inherit','product-holder','Product Holder',NULL,NULL,NULL,NULL,1,1,6,0,0,NULL,0),
	(15,7,3,1,0,1,1,1,'App\\Pages\\ProductHolderPage','2022-02-23 07:27:16','2022-02-23 07:26:50',NULL,'Inherit','Inherit','product-holder','Product Holder',NULL,NULL,NULL,NULL,1,1,6,0,0,NULL,0),
	(16,7,4,0,0,1,1,0,'App\\Pages\\ProductHolderPage','2022-02-23 07:27:38','2022-02-23 07:26:50',NULL,'Inherit','Inherit','product-holder','Product Holder',NULL,'<p>This page holds all of the products below</p>',NULL,NULL,1,1,6,0,0,NULL,0),
	(17,7,5,1,0,1,1,1,'App\\Pages\\ProductHolderPage','2022-02-23 07:27:38','2022-02-23 07:26:50',NULL,'Inherit','Inherit','product-holder','Product Holder',NULL,'<p>This page holds all of the products below</p>',NULL,NULL,1,1,6,0,0,NULL,0),
	(18,8,1,0,0,1,1,0,'App\\Pages\\ProductPage','2022-02-23 07:28:19','2022-02-23 07:28:19',NULL,'Inherit','Inherit','new-product-page','New Product Page',NULL,NULL,NULL,NULL,1,1,1,0,0,NULL,7),
	(19,8,2,1,0,1,1,1,'App\\Pages\\ProductPage','2022-02-23 07:30:03','2022-02-23 07:28:19',NULL,'Inherit','Inherit','new-product-page','New Product Page',NULL,NULL,NULL,NULL,1,1,1,0,0,NULL,7),
	(20,8,3,0,0,1,1,0,'App\\Pages\\ProductPage','2022-02-23 07:31:48','2022-02-23 07:28:19',NULL,'Inherit','Inherit','product-page-1','Product Page 1',NULL,NULL,NULL,NULL,1,1,1,0,0,NULL,7),
	(21,8,4,1,0,1,1,1,'App\\Pages\\ProductPage','2022-02-23 07:31:48','2022-02-23 07:28:19',NULL,'Inherit','Inherit','product-page-1','Product Page 1',NULL,NULL,NULL,NULL,1,1,1,0,0,NULL,7),
	(22,9,1,0,0,1,1,0,'App\\Pages\\ProductPage','2022-02-23 07:39:47','2022-02-23 07:39:47',NULL,'Inherit','Inherit','new-product-page','New Product Page',NULL,NULL,NULL,NULL,1,1,2,0,0,NULL,7),
	(23,9,2,0,0,1,1,0,'App\\Pages\\ProductPage','2022-02-23 07:39:55','2022-02-23 07:39:47',NULL,'Inherit','Inherit','product-the-second','Product the Second',NULL,NULL,NULL,NULL,1,1,2,0,0,NULL,7),
	(24,9,3,1,0,1,1,1,'App\\Pages\\ProductPage','2022-02-23 07:39:55','2022-02-23 07:39:47',NULL,'Inherit','Inherit','product-the-second','Product the Second',NULL,NULL,NULL,NULL,1,1,2,0,0,NULL,7),
	(25,8,5,0,0,1,1,0,'App\\Pages\\ProductPage','2022-02-23 07:40:01','2022-02-23 07:28:19',NULL,'Inherit','Inherit','product-page-1','Product the First',NULL,NULL,NULL,NULL,1,1,1,0,0,NULL,7),
	(26,8,6,1,0,1,1,1,'App\\Pages\\ProductPage','2022-02-23 07:40:01','2022-02-23 07:28:19',NULL,'Inherit','Inherit','product-page-1','Product the First',NULL,NULL,NULL,NULL,1,1,1,0,0,NULL,7),
	(27,8,7,0,0,1,1,0,'App\\Pages\\ProductPage','2022-02-23 07:56:10','2022-02-23 07:28:19',NULL,'Inherit','Inherit','product-page-1','Product the First',NULL,NULL,NULL,NULL,1,1,1,0,0,NULL,7),
	(28,8,8,1,0,1,1,1,'App\\Pages\\ProductPage','2022-02-23 07:56:10','2022-02-23 07:28:19',NULL,'Inherit','Inherit','product-page-1','Product the First',NULL,NULL,NULL,NULL,1,1,1,0,0,NULL,7),
	(29,8,9,0,0,1,1,0,'App\\Pages\\ProductPage','2022-02-23 07:57:44','2022-02-23 07:28:19',NULL,'Inherit','Inherit','product-page-1','Product the First',NULL,NULL,NULL,NULL,1,1,1,0,0,NULL,7),
	(30,8,10,1,0,1,1,1,'App\\Pages\\ProductPage','2022-02-23 07:57:44','2022-02-23 07:28:19',NULL,'Inherit','Inherit','product-page-1','Product the First',NULL,NULL,NULL,NULL,1,1,1,0,0,NULL,7),
	(31,9,4,0,0,1,1,0,'App\\Pages\\ProductPage','2022-02-23 07:57:46','2022-02-23 07:39:47',NULL,'Inherit','Inherit','product-the-second','Product the Second',NULL,NULL,NULL,NULL,1,1,2,0,0,NULL,7),
	(32,9,5,1,0,1,1,1,'App\\Pages\\ProductPage','2022-02-23 07:57:47','2022-02-23 07:39:47',NULL,'Inherit','Inherit','product-the-second','Product the Second',NULL,NULL,NULL,NULL,1,1,2,0,0,NULL,7),
	(33,2,3,1,1,1,1,1,'Page','2022-02-23 07:59:19','2022-02-23 07:23:32',NULL,'Inherit','Inherit',NULL,NULL,NULL,NULL,NULL,NULL,0,0,0,0,0,NULL,0),
	(34,3,3,1,1,1,1,1,'Page','2022-02-23 07:59:22','2022-02-23 07:23:32',NULL,'Inherit','Inherit',NULL,NULL,NULL,NULL,NULL,NULL,0,0,0,0,0,NULL,0),
	(35,8,11,0,0,1,1,0,'App\\Pages\\ProductPage','2022-02-23 08:32:12','2022-02-23 07:28:19',NULL,'Inherit','Inherit','product-page-1','Product the First',NULL,'<p><span>Lorem ipsum dolor sit amet, consectetur adipiscing elit. Proin at tortor sed ex viverra cursus sagittis in tellus</span></p>',NULL,NULL,1,1,1,0,0,NULL,7),
	(36,8,12,1,0,1,1,1,'App\\Pages\\ProductPage','2022-02-23 08:32:12','2022-02-23 07:28:19',NULL,'Inherit','Inherit','product-page-1','Product the First',NULL,'<p><span>Lorem ipsum dolor sit amet, consectetur adipiscing elit. Proin at tortor sed ex viverra cursus sagittis in tellus</span></p>',NULL,NULL,1,1,1,0,0,NULL,7),
	(37,9,6,0,0,1,1,0,'App\\Pages\\ProductPage','2022-02-23 08:32:27','2022-02-23 07:39:47',NULL,'Inherit','Inherit','product-the-second','Product the Second',NULL,'<p><span>Lorem ipsum dolor sit amet, consectetur adipiscing elit. Proin at tortor sed ex viverra cursus sagittis in tellus</span></p>',NULL,NULL,1,1,2,0,0,NULL,7),
	(38,9,7,1,0,1,1,1,'App\\Pages\\ProductPage','2022-02-23 08:32:27','2022-02-23 07:39:47',NULL,'Inherit','Inherit','product-the-second','Product the Second',NULL,'<p><span>Lorem ipsum dolor sit amet, consectetur adipiscing elit. Proin at tortor sed ex viverra cursus sagittis in tellus</span></p>',NULL,NULL,1,1,2,0,0,NULL,7),
	(39,9,8,0,0,1,1,0,'App\\Pages\\ProductPage','2022-02-23 08:32:43','2022-02-23 07:39:47',NULL,'Inherit','Inherit','product-the-second','Product the Second',NULL,'<p><span>Lorem ipsum dolor sit amet, consectetur adipiscing elit. Proin at tortor sed ex viverra cursus sagittis in tellus</span></p>',NULL,NULL,1,1,2,0,0,NULL,7),
	(40,9,9,1,0,1,1,1,'App\\Pages\\ProductPage','2022-02-23 08:32:43','2022-02-23 07:39:47',NULL,'Inherit','Inherit','product-the-second','Product the Second',NULL,'<p><span>Lorem ipsum dolor sit amet, consectetur adipiscing elit. Proin at tortor sed ex viverra cursus sagittis in tellus</span></p>',NULL,NULL,1,1,2,0,0,NULL,7),
	(41,1,3,0,0,1,1,0,'Page','2022-02-24 06:26:10','2022-02-23 07:23:32',NULL,'Inherit','Inherit','home','Home',NULL,'<p>Hello examiner, this is the test program for the ONFIRE APPLICATION!</p><p>I have used the base silverstripe project template that we use at our workplace, because setting one up from scratch takes a lot longer.&nbsp; The template only has the prebuilt header, footer and hamburger, so ignore that.</p><p>You can create product pages in the pages menu, and they have checkboxes to assign categories.</p><p>The project category admin will allow you to easily create new categories.</p>',NULL,NULL,1,1,1,0,0,NULL,0),
	(42,1,4,1,0,1,1,1,'Page','2022-02-24 06:26:10','2022-02-23 07:23:32',NULL,'Inherit','Inherit','home','Home',NULL,'<p>Hello examiner, this is the test program for the ONFIRE APPLICATION!</p><p>I have used the base silverstripe project template that we use at our workplace, because setting one up from scratch takes a lot longer.&nbsp; The template only has the prebuilt header, footer and hamburger, so ignore that.</p><p>You can create product pages in the pages menu, and they have checkboxes to assign categories.</p><p>The project category admin will allow you to easily create new categories.</p>',NULL,NULL,1,1,1,0,0,NULL,0),
	(43,1,5,0,0,1,1,0,'Page','2022-02-24 06:26:27','2022-02-23 07:23:32',NULL,'Inherit','Inherit','home','Home',NULL,'<p><span class=\"h3\">Hello examiner, this is the test program for the <strong>ONFIRE APPLICATION</strong>!</span></p><p>I have used the base silverstripe project template that we use at our workplace, because setting one up from scratch takes a lot longer.&nbsp; The template only has the prebuilt header, footer and hamburger, so ignore that.</p><p>You can create product pages in the pages menu, and they have checkboxes to assign categories.</p><p>The project category admin will allow you to easily create new categories.</p>',NULL,NULL,1,1,1,0,0,NULL,0),
	(44,1,6,1,0,1,1,1,'Page','2022-02-24 06:26:27','2022-02-23 07:23:32',NULL,'Inherit','Inherit','home','Home',NULL,'<p><span class=\"h3\">Hello examiner, this is the test program for the <strong>ONFIRE APPLICATION</strong>!</span></p><p>I have used the base silverstripe project template that we use at our workplace, because setting one up from scratch takes a lot longer.&nbsp; The template only has the prebuilt header, footer and hamburger, so ignore that.</p><p>You can create product pages in the pages menu, and they have checkboxes to assign categories.</p><p>The project category admin will allow you to easily create new categories.</p>',NULL,NULL,1,1,1,0,0,NULL,0),
	(45,7,6,0,0,1,1,0,'App\\Pages\\ProductHolderPage','2022-02-24 06:26:38','2022-02-23 07:26:50',NULL,'Inherit','Inherit','product-holder','Product Holder',NULL,'<p>This page holds all of the products below.&nbsp; Have fun!</p>',NULL,NULL,1,1,6,0,0,NULL,0),
	(46,7,7,1,0,1,1,1,'App\\Pages\\ProductHolderPage','2022-02-24 06:26:38','2022-02-23 07:26:50',NULL,'Inherit','Inherit','product-holder','Product Holder',NULL,'<p>This page holds all of the products below.&nbsp; Have fun!</p>',NULL,NULL,1,1,6,0,0,NULL,0),
	(47,10,1,0,0,1,1,0,'App\\Pages\\ProductPage','2022-02-24 06:41:31','2022-02-24 06:41:31',NULL,'Inherit','Inherit','new-product-page','New Product Page',NULL,NULL,NULL,NULL,1,1,3,0,0,NULL,7),
	(48,10,2,0,0,1,1,0,'App\\Pages\\ProductPage','2022-02-24 06:41:51','2022-02-24 06:41:31',NULL,'Inherit','Inherit','product-the-third','Product the Third',NULL,NULL,NULL,NULL,1,1,3,0,0,NULL,7),
	(49,10,3,1,0,1,1,1,'App\\Pages\\ProductPage','2022-02-24 06:41:51','2022-02-24 06:41:31',NULL,'Inherit','Inherit','product-the-third','Product the Third',NULL,NULL,NULL,NULL,1,1,3,0,0,NULL,7),
	(50,10,4,0,0,1,1,0,'App\\Pages\\ProductPage','2022-02-24 06:41:55','2022-02-24 06:41:31',NULL,'Inherit','Inherit','product-the-third','Product the Third',NULL,'<p><span>Lorem ipsum dolor sit amet, consectetur adipiscing elit. Proin at tortor sed ex viverra cursus sagittis in tellus</span></p>',NULL,NULL,1,1,3,0,0,NULL,7),
	(51,10,5,1,0,1,1,1,'App\\Pages\\ProductPage','2022-02-24 06:41:55','2022-02-24 06:41:31',NULL,'Inherit','Inherit','product-the-third','Product the Third',NULL,'<p><span>Lorem ipsum dolor sit amet, consectetur adipiscing elit. Proin at tortor sed ex viverra cursus sagittis in tellus</span></p>',NULL,NULL,1,1,3,0,0,NULL,7),
	(52,10,6,0,0,1,1,0,'App\\Pages\\ProductPage','2022-02-24 06:42:19','2022-02-24 06:41:31',NULL,'Inherit','Inherit','product-the-third','Product the Third',NULL,'<p><span>Lorem ipsum dolor sit amet, consectetur adipiscing elit. Proin at tortor sed ex viverra cursus sagittis in tellus</span></p>',NULL,NULL,1,1,3,0,0,NULL,7),
	(53,10,7,1,0,1,1,1,'App\\Pages\\ProductPage','2022-02-24 06:42:19','2022-02-24 06:41:31',NULL,'Inherit','Inherit','product-the-third','Product the Third',NULL,'<p><span>Lorem ipsum dolor sit amet, consectetur adipiscing elit. Proin at tortor sed ex viverra cursus sagittis in tellus</span></p>',NULL,NULL,1,1,3,0,0,NULL,7),
	(54,11,1,0,0,1,1,0,'App\\Pages\\ProductPage','2022-02-24 06:43:07','2022-02-24 06:43:07',NULL,'Inherit','Inherit','new-product-page','New Product Page',NULL,NULL,NULL,NULL,1,1,4,0,0,NULL,7),
	(55,11,2,0,0,1,1,0,'App\\Pages\\ProductPage','2022-02-24 06:43:37','2022-02-24 06:43:07',NULL,'Inherit','Inherit','product-the-fourth','Product the Fourth',NULL,'<p><span>Lorem ipsum dolor sit amet, consectetur adipiscing elit. Proin at tortor sed ex viverra cursus sagittis in tellus</span></p>',NULL,NULL,1,1,4,0,0,NULL,7),
	(56,11,3,1,0,1,1,1,'App\\Pages\\ProductPage','2022-02-24 06:43:37','2022-02-24 06:43:07',NULL,'Inherit','Inherit','product-the-fourth','Product the Fourth',NULL,'<p><span>Lorem ipsum dolor sit amet, consectetur adipiscing elit. Proin at tortor sed ex viverra cursus sagittis in tellus</span></p>',NULL,NULL,1,1,4,0,0,NULL,7);

/*!40000 ALTER TABLE `SiteTree_Versions` ENABLE KEYS */;
UNLOCK TABLES;


# Dump of table SiteTree_ViewerGroups
# ------------------------------------------------------------

DROP TABLE IF EXISTS `SiteTree_ViewerGroups`;

CREATE TABLE `SiteTree_ViewerGroups` (
  `ID` int(11) NOT NULL AUTO_INCREMENT,
  `SiteTreeID` int(11) NOT NULL DEFAULT '0',
  `GroupID` int(11) NOT NULL DEFAULT '0',
  PRIMARY KEY (`ID`),
  KEY `SiteTreeID` (`SiteTreeID`),
  KEY `GroupID` (`GroupID`)
) ENGINE=InnoDB DEFAULT CHARSET=utf8;



# Dump of table SiteTreeLink
# ------------------------------------------------------------

DROP TABLE IF EXISTS `SiteTreeLink`;

CREATE TABLE `SiteTreeLink` (
  `ID` int(11) NOT NULL AUTO_INCREMENT,
  `ClassName` enum('SilverStripe\\CMS\\Model\\SiteTreeLink') DEFAULT 'SilverStripe\\CMS\\Model\\SiteTreeLink',
  `LastEdited` datetime DEFAULT NULL,
  `Created` datetime DEFAULT NULL,
  `LinkedID` int(11) NOT NULL DEFAULT '0',
  `ParentID` int(11) NOT NULL DEFAULT '0',
  `ParentClass` enum('App\\Models\\ProductCategory','SilverStripe\\Assets\\File','SilverStripe\\SiteConfig\\SiteConfig','SilverStripe\\Versioned\\ChangeSet','SilverStripe\\Versioned\\ChangeSetItem','SilverStripe\\Assets\\Shortcodes\\FileLink','SilverStripe\\CMS\\Model\\SiteTree','SilverStripe\\CMS\\Model\\SiteTreeLink','SilverStripe\\Security\\Group','SilverStripe\\Security\\LoginAttempt','SilverStripe\\Security\\Member','SilverStripe\\Security\\MemberPassword','SilverStripe\\Security\\Permission','SilverStripe\\Security\\PermissionRole','SilverStripe\\Security\\PermissionRoleCode','SilverStripe\\Security\\RememberLoginHash','SilverStripe\\RedirectedURLs\\Model\\RedirectedURL','SilverStripe\\Assets\\Folder','SilverStripe\\Assets\\Image','Page','App\\Pages\\HomePage','App\\Pages\\ProductHolderPage','App\\Pages\\ProductPage','SilverStripe\\ErrorPage\\ErrorPage','SilverStripe\\CMS\\Model\\RedirectorPage','SilverStripe\\CMS\\Model\\VirtualPage') DEFAULT 'App\\Models\\ProductCategory',
  PRIMARY KEY (`ID`),
  KEY `ClassName` (`ClassName`),
  KEY `LinkedID` (`LinkedID`),
  KEY `Parent` (`ParentID`,`ParentClass`)
) ENGINE=InnoDB DEFAULT CHARSET=utf8;



# Dump of table VirtualPage
# ------------------------------------------------------------

DROP TABLE IF EXISTS `VirtualPage`;

CREATE TABLE `VirtualPage` (
  `ID` int(11) NOT NULL AUTO_INCREMENT,
  `VersionID` int(11) NOT NULL DEFAULT '0',
  `CopyContentFromID` int(11) NOT NULL DEFAULT '0',
  PRIMARY KEY (`ID`),
  KEY `CopyContentFromID` (`CopyContentFromID`)
) ENGINE=InnoDB DEFAULT CHARSET=utf8;



# Dump of table VirtualPage_Live
# ------------------------------------------------------------

DROP TABLE IF EXISTS `VirtualPage_Live`;

CREATE TABLE `VirtualPage_Live` (
  `ID` int(11) NOT NULL AUTO_INCREMENT,
  `VersionID` int(11) NOT NULL DEFAULT '0',
  `CopyContentFromID` int(11) NOT NULL DEFAULT '0',
  PRIMARY KEY (`ID`),
  KEY `CopyContentFromID` (`CopyContentFromID`)
) ENGINE=InnoDB DEFAULT CHARSET=utf8;



# Dump of table VirtualPage_Versions
# ------------------------------------------------------------

DROP TABLE IF EXISTS `VirtualPage_Versions`;

CREATE TABLE `VirtualPage_Versions` (
  `ID` int(11) NOT NULL AUTO_INCREMENT,
  `RecordID` int(11) NOT NULL DEFAULT '0',
  `Version` int(11) NOT NULL DEFAULT '0',
  `VersionID` int(11) NOT NULL DEFAULT '0',
  `CopyContentFromID` int(11) NOT NULL DEFAULT '0',
  PRIMARY KEY (`ID`),
  UNIQUE KEY `RecordID_Version` (`RecordID`,`Version`),
  KEY `RecordID` (`RecordID`),
  KEY `Version` (`Version`),
  KEY `CopyContentFromID` (`CopyContentFromID`)
) ENGINE=InnoDB DEFAULT CHARSET=utf8;




/*!40111 SET SQL_NOTES=@OLD_SQL_NOTES */;
/*!40101 SET SQL_MODE=@OLD_SQL_MODE */;
/*!40014 SET FOREIGN_KEY_CHECKS=@OLD_FOREIGN_KEY_CHECKS */;
/*!40101 SET CHARACTER_SET_CLIENT=@OLD_CHARACTER_SET_CLIENT */;
/*!40101 SET CHARACTER_SET_RESULTS=@OLD_CHARACTER_SET_RESULTS */;
/*!40101 SET COLLATION_CONNECTION=@OLD_COLLATION_CONNECTION */;
